product_name,category,price,quantity,expiration_date,country_of_origin,manufacturer,weight,is_on_sale
"Pepper - Paprika, Hungarian",household,28.51,291,4/6/2023,Cambodia,Kuhlman and Sons,5.8,FALSE
Sugar - Icing,food,62.48,460,4/3/2022,Thailand,Howell-O'Reilly,4.6,FALSE
Coffee Cup 8oz 5338cd,household,1.96,149,3/12/2022,Indonesia,Gutmann and Sons,2.1,
"Salmon - Smoked, Sliced",household,64.76,578,4/26/2022,Pakistan,Wiegand LLC,7.4,TRUE
Macaroons - Homestyle Two Bit,household,27.36,522,9/27/2023,China,Thompson-Abernathy,4.7,TRUE
Nori Sea Weed,food,30.11,361,2/13/2022,China,Parker LLC,8.5,TRUE
Drambuie,food,87.26,579,2/1/2023,Indonesia,"Frami, Lebsack and Hyatt",6.7,TRUE
Milk Powder,beverage,51.63,365,1/17/2022,Philippines,Stracke-Boyle,4.6,
Haggis,household,75.87,595,11/2/2022,Costa Rica,"Gusikowski, Bahringer and Thompson",0.7,
Pork - Hock And Feet Attached,beverage,11.72,984,11/11/2023,Macedonia,Stamm Group,7.2,
Beef - Short Loin,food,70.39,917,9/28/2022,France,Padberg-Leannon,5,
Soup - Cream Of Potato / Leek,food,9.39,490,7/3/2022,Angola,Rau-Haag,5.4,TRUE
"Split Peas - Green, Dry",household,88.82,767,5/14/2022,Indonesia,Gerlach LLC,1.3,TRUE
Wine - Chateau Bonnet,household,9.95,978,12/31/2022,Sweden,Bartell and Sons,7.3,
Sesame Seed,food,26.58,447,8/18/2023,Venezuela,Stoltenberg LLC,0.1,FALSE
Calypso - Pineapple Passion,household,95.15,186,11/3/2023,Thailand,Conn-Fadel,5.9,FALSE
Bread - Rye,food,43.2,438,4/2/2022,Morocco,"Schulist, Effertz and Hintz",0.9,FALSE
Vinegar - Champagne,household,54,443,2/7/2022,Russia,"Stiedemann, Schmitt and Fahey",7.2,
Knife Plastic - White,food,34.41,908,12/7/2023,Costa Rica,Kulas Group,3.7,TRUE
Melon - Watermelon Yellow,beverage,94.9,898,11/21/2022,Russia,Nader-Watsica,9.2,
"Lamb - Leg, Bone In",beverage,98.85,66,12/9/2022,Morocco,Weissnat Group,7.9,TRUE
Cheese - Goat With Herbs,household,50.29,501,11/26/2023,Palestinian Territory,"Streich, Tremblay and Mertz",8,FALSE
Sloe Gin - Mcguinness,food,46.2,954,3/12/2022,South Africa,Dooley Group,1.9,
Lid - 0090 Clear,household,15.13,42,4/24/2023,Canada,Schiller Inc,6.6,TRUE
Wood Chips - Regular,beverage,29.87,370,2/9/2022,Russia,Abshire-Ledner,1.4,
Ecolab - Hobart Upr Prewash Arm,beverage,31.93,827,3/21/2023,Bulgaria,"Powlowski, Schmidt and Sporer",5.9,
"Soup - Knorr, Chicken Gumbo",beverage,85.39,844,6/28/2022,Russia,Williamson-Bednar,2.8,FALSE
Salami - Genova,household,59.31,848,11/25/2023,Gambia,"Auer, Cronin and Robel",6.9,FALSE
"Wine - White, Ej",household,64.79,820,5/14/2022,China,Wisoky-Mann,5.1,FALSE
"Soup - Campbells, Beef Barley",household,95.27,169,6/9/2023,Argentina,Blanda LLC,7.4,FALSE
Table Cloth 72x144 White,food,55.12,425,1/23/2022,Sweden,Carroll-Breitenberg,8.3,TRUE
Cleaner - Bleach,household,39.63,259,4/10/2022,Malaysia,"Little, Upton and Zieme",1.2,
Shallots,household,42.33,69,9/25/2022,Poland,Tremblay Inc,1.8,TRUE
Curry Paste - Madras,food,84.59,814,10/16/2023,South Korea,Bayer LLC,3.1,TRUE
Chutney Sauce - Mango,beverage,78.22,439,2/20/2023,Indonesia,Boehm-Raynor,3.8,FALSE
Plums - Red,food,42.95,795,2/26/2022,Indonesia,"Lockman, Orn and Cremin",2.6,FALSE
Tea - Orange Pekoe,household,21.54,616,9/8/2023,Russia,Daniel and Sons,3.1,TRUE
Onion - Dried,food,47.62,537,8/14/2022,Dominica,"Monahan, Mueller and Altenwerth",2.9,TRUE
"Marjoram - Dried, Rubbed",beverage,73.32,272,4/29/2023,Indonesia,Berge LLC,5.1,FALSE
Cornstarch,household,86.81,827,10/27/2023,Sierra Leone,Goyette-Emard,3.8,FALSE
"Iced Tea - Lemon, 460 Ml",household,74.92,428,9/4/2022,Germany,Barrows Inc,7.4,FALSE
Calvados - Boulard,household,5.25,981,1/15/2023,Russia,Bauch-Murazik,2,TRUE
Petite Baguette,household,68.26,920,6/20/2022,Philippines,"Moen, Oberbrunner and Anderson",9.6,TRUE
"Pasta - Elbows, Macaroni, Dry",household,96.75,319,5/27/2023,South Africa,"Medhurst, Champlin and Bartoletti",5.3,FALSE
Rye Special Old,food,72.72,109,12/9/2023,Russia,Kub-Batz,4.8,FALSE
Island Oasis - Wildberry,beverage,26.22,366,10/18/2023,Niger,Grady-Satterfield,5.7,TRUE
Onion Powder,beverage,75.36,451,5/23/2022,Cameroon,Bernier LLC,7.7,
Tea - Camomele,household,97.7,137,2/1/2023,Indonesia,Hermiston Inc,2.9,TRUE
Cheese - Comte,beverage,6.09,32,2/1/2023,Ukraine,"Barrows, Lowe and Hilll",3.4,TRUE
Ginger - Fresh,household,47.65,380,4/27/2023,Azerbaijan,Stroman Group,2.7,
Quiche Assorted,beverage,94.09,360,11/5/2022,Sweden,Carroll and Sons,8.1,TRUE
Iced Tea Concentrate,beverage,84.68,520,11/27/2023,Dominican Republic,Huels Group,5.7,FALSE
Beef - Top Butt,food,88.76,199,1/11/2022,Morocco,Nader-Pouros,8.6,FALSE
Apricots Fresh,beverage,23.55,991,3/26/2023,China,"Hills, Kub and Ziemann",8.6,FALSE
Capon - Whole,household,70.31,701,12/23/2023,Vietnam,Dibbert-Raynor,2.9,
Flour Dark Rye,beverage,98.02,431,12/25/2023,China,"Conn, Hahn and Dietrich",2.7,TRUE
Chives - Fresh,household,47.57,492,10/2/2023,Indonesia,Dickinson-Cronin,8,FALSE
Beef - Striploin,beverage,98.82,228,5/24/2023,Finland,Huel Group,1.4,TRUE
"Crab - Back Fin Meat, Canned",beverage,50.89,600,5/26/2022,Thailand,"D'Amore, Dach and Runolfsson",5.8,
Artichoke - Fresh,food,32.35,139,5/25/2022,China,Hackett-Kuvalis,0.7,FALSE
Fib N9 - Prague Powder,beverage,60.44,988,1/26/2023,France,Kuphal and Sons,1.9,TRUE
Dried Figs,household,87.13,286,10/5/2022,South Korea,"Klocko, Goodwin and Parker",3.4,TRUE
Foam Tray S2,beverage,96.88,506,10/31/2022,France,Schroeder-Hickle,3,TRUE
Flavouring - Rum,food,42.36,988,1/20/2023,France,Schulist-O'Connell,5.4,FALSE
Island Oasis - Pina Colada,beverage,72.87,142,7/28/2022,Macedonia,Howe LLC,3.8,FALSE
"Beans - Navy, Dry",food,81.54,342,11/11/2022,China,Bernier-Okuneva,0.6,FALSE
"Shrimp - 16/20, Iqf, Shell On",household,95.65,276,12/17/2022,China,Farrell Inc,6.8,TRUE
Milk - 1%,food,66.49,628,3/5/2023,Brazil,Schaefer-Sawayn,1.5,TRUE
"Pasta - Linguini, Dry",food,27.82,907,4/19/2022,Argentina,"Volkman, Kunze and Fisher",1.3,
Coffee Decaf Colombian,beverage,26.37,549,8/30/2023,Vietnam,Dooley-Douglas,3,FALSE
Pastry - Choclate Baked,household,5.04,339,11/21/2022,China,"Runolfsdottir, Parker and Champlin",9.5,
Yoghurt Tubes,beverage,47.58,476,9/21/2023,China,"Stracke, Feeney and Schaefer",9.1,FALSE
Crab Brie In Phyllo,household,48.93,840,4/4/2022,Cuba,"Thiel, Abshire and McCullough",0.2,
Cup - Paper 10oz 92959,household,22.34,4,9/25/2022,Indonesia,Kutch and Sons,3.5,TRUE
Tamarillo,beverage,9.87,325,8/17/2022,Indonesia,Padberg Group,9.9,TRUE
Glycerine,food,35.58,690,6/2/2023,Cameroon,"Weber, Huels and Rice",9.5,
Carbonated Water - Lemon Lime,food,76.52,630,11/17/2023,France,Prosacco and Sons,9.5,FALSE
Ice Cream - Vanilla,beverage,76.4,211,2/12/2023,Indonesia,Hartmann and Sons,2.9,FALSE
Radish,food,4.43,629,8/6/2023,Honduras,"Hermann, Konopelski and Schaefer",4.1,TRUE
Steam Pan Full Lid,food,84.53,462,9/11/2023,China,Halvorson and Sons,4.7,TRUE
Apple - Custard,food,90.05,525,1/8/2022,China,Kling-Kunde,9.4,
"Wine - Red, Harrow Estates, Cab",household,61.32,151,4/3/2022,China,"VonRueden, Tillman and Lang",9.4,
Piping - Bags Quizna,beverage,39.73,909,3/2/2022,Indonesia,Blick Group,8.2,
"Clams - Littleneck, Whole",beverage,21.88,473,11/12/2022,China,Jacobs Group,6.6,FALSE
Thermometer Digital,beverage,95.08,837,4/16/2022,Slovenia,"Walsh, Wiza and Bergnaum",0.8,FALSE
Soup - Campbells Mac N Cheese,food,6.84,801,11/6/2022,United States,Torp-Hayes,2.3,
Puff Pastry - Slab,household,1.49,7,11/27/2023,Indonesia,Jacobs-Hermann,8.9,FALSE
"Wine - Saint - Bris 2002, Sauv",food,28.72,926,9/17/2022,Philippines,Hintz Group,9.9,FALSE
Crawfish,household,5.3,603,8/4/2022,Poland,Cormier-MacGyver,6.3,TRUE
Plasticknivesblack,beverage,77.74,55,1/31/2022,Japan,Schuppe Inc,7.6,FALSE
Cookie Choc,household,45,84,2/9/2022,Russia,"Rosenbaum, Kautzer and Mosciski",1.2,FALSE
Petit Baguette,food,78.65,715,3/11/2022,Brazil,Botsford-Von,0.3,
Water - Evian 355 Ml,household,8.89,679,1/31/2023,Spain,Kessler and Sons,5.7,
Wine - Soave Folonari,beverage,34.87,999,7/13/2022,Indonesia,Stoltenberg Inc,3.9,
Sauce - Salsa,food,20.08,531,3/28/2023,Indonesia,"Durgan, Kunde and Mann",4.7,FALSE
Beer - Molson Excel,household,77.44,500,8/20/2022,Indonesia,"Prohaska, Considine and Watsica",2.6,
Bread Roll Foccacia,beverage,29.14,362,1/3/2023,Belarus,Cummerata and Sons,4.7,TRUE
Tea - Honey Green Tea,household,93.56,850,5/28/2023,Russia,Witting-Renner,4.8,FALSE
"Pasta - Fettuccine, Egg, Fresh",beverage,42.22,730,7/2/2023,Japan,Borer Group,6.2,TRUE
Cheese - St. Paulin,beverage,48.37,512,7/16/2023,United States,Halvorson and Sons,0.7,TRUE
Bagelers,beverage,96.09,543,9/15/2023,Philippines,Leffler-Rempel,5.9,TRUE
Rabbit - Frozen,household,58.45,127,4/21/2022,Argentina,Green and Sons,6.9,
"Sparkling Wine - Rose, Freixenet",household,75.3,178,10/30/2023,Sweden,Little-Crooks,8.5,
"Wine - White, Pelee Island",food,46.57,474,9/12/2022,Indonesia,Harris and Sons,5.3,FALSE
Sesame Seed,household,10.36,583,2/7/2023,Philippines,"Kohler, Johns and Jenkins",7.8,TRUE
"Wine - White, French Cross",food,56.31,363,3/11/2022,Estonia,"Bernier, Daniel and Hagenes",6.8,FALSE
"Yogurt - Banana, 175 Gr",household,24.26,548,12/4/2022,Vietnam,Langworth-Kuvalis,8.1,FALSE
Baking Soda,food,81.49,47,10/16/2022,Poland,Williamson-Bashirian,7.1,TRUE
Bread - Crusty Italian Poly,beverage,80.27,472,11/30/2022,Portugal,Will-Murazik,9.8,FALSE
Veal - Provimi Inside,beverage,51.81,111,10/27/2022,China,Hand Group,8.8,
Wine - Rosso Toscano Igt,beverage,13.99,347,11/11/2022,Sweden,Schroeder LLC,8.8,TRUE
Fuji Apples,household,75.34,382,3/6/2022,Azerbaijan,"Weissnat, Crooks and Murphy",3,FALSE
Remy Red,food,24.45,69,11/29/2023,Iceland,Marquardt Group,0.1,TRUE
"Juice - Apple, 1.36l",household,2.87,785,11/13/2022,Poland,"Rau, MacGyver and Emmerich",8.9,FALSE
Pumpkin,household,65.24,737,1/22/2022,China,Maggio-Harvey,1.1,TRUE
Ginger - Pickled,household,4.03,900,12/15/2022,Peru,"Hackett, Strosin and Blanda",4.3,TRUE
Sauce - Chili,food,96.65,385,11/18/2023,Iran,"Botsford, Bashirian and Kulas",9,TRUE
Tofu - Soft,food,15.65,15,6/15/2022,Brazil,"Jenkins, Pouros and Purdy",2.2,TRUE
Bagel - Whole White Sesame,household,15.99,1000,12/21/2022,Russia,Bogisich-Koch,7.5,TRUE
Sugar - Brown,beverage,58.77,5,7/20/2022,Philippines,Rippin-Goodwin,6.7,
Longos - Grilled Veg Sandwiches,household,40.45,515,8/21/2023,Bangladesh,Pouros Group,5.8,FALSE
"Iced Tea - Lemon, 340ml",beverage,24.75,689,5/14/2023,China,Tremblay Group,2.4,TRUE
Bread Base - Gold Formel,food,9.76,40,7/1/2022,Ukraine,"Zulauf, Schulist and Romaguera",9.5,FALSE
Pepper - Green,food,31.97,379,6/5/2023,China,Kassulke LLC,1.8,TRUE
Pie Box - Cello Window 2.5,beverage,60.28,598,7/31/2023,Portugal,Kuphal LLC,1.8,
Sproutsmustard Cress,beverage,24.55,330,1/21/2023,Canada,"Mayer, Herzog and Brakus",1.8,
Soup - Base Broth Chix,household,6.28,144,6/16/2022,France,Windler-Fay,3.1,
Quail Eggs - Canned,household,45.55,605,8/23/2023,Russia,Abbott Inc,4.3,FALSE
Strawberries,food,29.9,684,11/27/2022,Denmark,Hudson-Yundt,7.1,TRUE
Parsley - Fresh,food,60.69,316,11/26/2023,Morocco,Flatley-Abbott,6.1,FALSE
Veal - Leg,household,26.91,833,2/4/2022,Argentina,Abbott LLC,2.5,
"Doilies - 12, Paper",beverage,9.31,236,1/28/2022,Argentina,Wintheiser and Sons,3.9,TRUE
Dried Cherries,beverage,33.45,532,12/17/2023,Somalia,Kshlerin and Sons,8.6,
Hot Choc Vending,beverage,50.89,259,6/17/2023,Honduras,Pollich-Labadie,1.9,FALSE
"Schnappes - Peach, Walkers",food,7.83,136,4/5/2022,China,"Skiles, Strosin and Bartell",1.1,TRUE
Kahlua,beverage,6.76,112,12/10/2023,Maldives,"Hayes, Gleichner and O'Hara",3.7,
Lettuce - Baby Salad Greens,beverage,93.21,872,10/21/2022,Thailand,"Zulauf, Greenfelder and Swaniawski",5.2,
Pate - Liver,beverage,66.14,697,10/31/2022,Bangladesh,Stehr-Howell,8.1,TRUE
Salt - Celery,household,65.63,7,2/28/2022,Brazil,White-Nikolaus,4.3,FALSE
Walkers Special Old Whiskey,food,85.95,349,8/7/2022,China,Block LLC,4.4,FALSE
Cocktail Napkin Blue,household,71.32,364,1/19/2023,Albania,"Moen, Lueilwitz and Kris",7.1,FALSE
Lotus Rootlets - Canned,food,58.67,539,6/18/2023,Argentina,"Orn, Larkin and Conroy",0.3,
Steam Pan - Half Size Deep,food,67.24,566,1/23/2023,Indonesia,West-Herman,9.6,
Pate - Cognac,beverage,57.62,963,7/28/2022,Mexico,Bashirian Inc,3.8,TRUE
"Rum - Coconut, Malibu",food,32.58,616,9/28/2023,Thailand,"Hessel, Gusikowski and Emmerich",5.5,
"Chilli Paste, Sambal Oelek",household,74.66,7,4/10/2023,Canada,Conroy LLC,0.9,FALSE
Sauce - Balsamic Viniagrette,food,70.96,216,4/26/2022,Philippines,"Jenkins, Boehm and Schimmel",9.6,TRUE
"Flour - Buckwheat, Dark",beverage,95.58,324,8/10/2023,Indonesia,Leuschke LLC,8.5,
Lychee - Canned,household,13.16,281,5/10/2022,China,Conn-Dickens,4.1,TRUE
Sausage - Chorizo,food,2.13,208,4/8/2023,Slovenia,Mills-Jones,7.7,
Bar Special K,household,74.57,684,11/4/2023,Philippines,"Nicolas, Grady and Bayer",7.5,
Sping Loaded Cup Dispenser,household,3.26,294,2/9/2022,El Salvador,Renner and Sons,3.4,FALSE
Broccoli - Fresh,food,25.77,771,3/20/2023,Russia,"Tillman, Crist and Huel",0.2,TRUE
Yoplait - Strawbrasp Peac,beverage,85.89,388,1/11/2022,Niger,Witting-Bergnaum,0.3,TRUE
Chinese Foods - Cantonese,household,96.07,78,2/9/2023,Syria,Kemmer-Jerde,8,TRUE
Wine - Ruffino Chianti,beverage,96.77,673,6/15/2023,China,Harvey-Gibson,7.1,FALSE
"Wine - Red, Pinot Noir, Chateau",household,68.86,251,3/1/2022,Greece,Kling LLC,4,TRUE
Beef - Ground Lean Fresh,food,40.88,870,6/12/2023,Nigeria,Klein-McClure,9.3,FALSE
Muffin Mix - Chocolate Chip,beverage,22.93,424,4/6/2022,Indonesia,Parker-King,9,FALSE
Bread - Wheat Baguette,food,8.14,5,5/30/2022,Portugal,Wisozk-Goodwin,8,FALSE
Table Cloth 62x114 White,beverage,89.18,517,7/22/2022,China,"Keebler, Hansen and Simonis",2.9,
Lettuce - Curly Endive,food,5.81,902,5/11/2022,Germany,Daniel Inc,8.4,TRUE
Milk - 2%,food,70.29,263,4/17/2023,Kiribati,Ondricka Inc,2.7,FALSE
Potatoes - Peeled,household,9.82,626,9/17/2022,Indonesia,"Kiehn, Braun and Pfannerstill",3.8,TRUE
Sambuca - Ramazzotti,food,99.5,307,5/17/2022,China,Hammes-Trantow,6.4,TRUE
Sage - Ground,food,34.75,72,3/29/2022,Russia,Rau Inc,2.3,TRUE
Arctic Char - Fillets,food,48.52,487,10/25/2022,Afghanistan,Nienow-Denesik,8.6,TRUE
Pancetta,food,94.2,42,4/14/2022,Sweden,Lueilwitz-Cole,3.8,
"Basil - Primerba, Paste",food,14.37,857,1/16/2022,Indonesia,Bogan Inc,4.5,TRUE
Sprouts - Bean,household,92.19,213,7/1/2023,Canada,"Upton, Kling and Kessler",0.8,FALSE
Pate - Cognac,household,56.28,623,2/20/2023,Kuwait,Stamm LLC,8.2,FALSE
Wine - Gato Negro Cabernet,food,46.36,648,4/18/2022,Indonesia,Macejkovic LLC,0.9,
Syrup - Monin - Blue Curacao,beverage,52.71,287,3/3/2023,Palestinian Territory,Ferry-Emard,8,
Buffalo - Striploin,food,61.84,475,11/30/2022,Cameroon,Langosh and Sons,1.7,
"Cheese - Cheddar, Mild",household,80.08,734,6/12/2022,United States,Spencer Group,8.5,TRUE
"Placemat - Scallop, White",food,76.83,898,11/20/2023,Portugal,Wuckert and Sons,6.4,
Pork - Suckling Pig,household,97.55,785,10/12/2022,Philippines,Klocko-Klein,3.6,FALSE
Kippers - Smoked,household,88.67,64,11/23/2022,Tunisia,"Runolfsdottir, Wuckert and Walker",7.2,
Glycerine,food,30.82,392,8/6/2023,France,Kovacek Group,2,FALSE
"Cherries - Maraschino,jar",beverage,54.16,29,2/5/2023,Cameroon,Hane Group,7.1,FALSE
Dill Weed - Fresh,household,22.94,293,11/16/2023,Poland,Jast Inc,2.6,FALSE
Bread - Hot Dog Buns,food,68.23,353,11/30/2023,Germany,Zulauf-D'Amore,2.7,FALSE
Brandy - Bar,beverage,59.53,901,8/9/2022,Indonesia,Nader-Skiles,3.8,TRUE
Truffle Shells - Semi - Sweet,household,77.93,33,11/30/2023,China,Cole-Walter,5.3,TRUE
Cheese - Cheddar With Claret,beverage,19.46,543,1/3/2022,Brazil,Stehr-Altenwerth,8.5,FALSE
Zucchini - Green,beverage,70.05,677,9/27/2022,Madagascar,"Cruickshank, Collier and Waelchi",4.6,FALSE
Tomatoes - Orange,food,24.33,745,2/3/2023,Indonesia,Ratke LLC,9.5,
Buffalo - Short Rib Fresh,beverage,62.13,385,12/5/2023,United States,"Hauck, Quigley and Strosin",1.3,
Chocolate Bar - Reese Pieces,food,76,492,10/29/2022,Comoros,Rath Inc,5.8,TRUE
Nantucket - Kiwi Berry Cktl.,food,82.17,400,9/18/2023,Indonesia,"Hermann, Flatley and Frami",6.9,TRUE
Filling - Mince Meat,beverage,16.3,257,10/4/2023,Indonesia,"Walker, Hackett and Nikolaus",6.4,FALSE
Soup - Campbells - Tomato,food,9.39,270,6/26/2022,Indonesia,Mohr-Treutel,3.6,
"Wine - White, Ej Gallo",food,86.31,70,10/29/2022,Czech Republic,"Murazik, Jacobs and Kiehn",0.8,TRUE
Tamarind Paste,household,64.31,296,3/2/2023,Indonesia,Trantow LLC,1.2,TRUE
Chocolate - Milk Coating,household,48.51,925,2/1/2022,Portugal,Pouros and Sons,8.4,
Salmon Steak - Cohoe 8 Oz,food,19.59,872,1/13/2023,North Korea,Botsford and Sons,7.5,FALSE
Sauce - Balsamic Viniagrette,household,57.22,834,12/23/2023,Portugal,Schiller-Monahan,6.2,FALSE
Beef - Bresaola,household,88.05,177,5/2/2023,South Korea,"Sipes, Windler and Casper",0.6,FALSE
Mousse - Passion Fruit,beverage,26.43,326,6/8/2023,Russia,Spencer-Weber,4,TRUE
Cookie Dough - Peanut Butter,household,40.65,428,12/17/2023,Philippines,Bartell Group,4.4,
Wasabi Paste,food,85.25,487,7/14/2023,Indonesia,Wiegand-Bradtke,3.4,TRUE
Sprouts - Alfalfa,food,40.37,626,6/24/2022,China,"Lemke, Greenfelder and Rice",1.1,TRUE
Steel Wool S.o.s,beverage,60.91,986,6/11/2023,Iran,Johnston-Mayer,3.7,
Pepper - Red Thai,household,93.83,758,10/17/2022,China,"Labadie, Reilly and Bergnaum",7.1,TRUE
Spice - Montreal Steak Spice,beverage,36.2,841,9/23/2022,Indonesia,Corwin-Dickens,0.6,FALSE
Cookie - Oreo 100x2,food,61.15,365,8/31/2022,China,Bailey Inc,9,
Spring Roll Wrappers,beverage,49.8,988,12/25/2023,China,Jacobson-Walter,8.4,FALSE
Chicken - Base,food,72,313,10/20/2023,Philippines,"Muller, Hilll and Ebert",6.6,
Bread - Italian Corn Meal Poly,household,6.37,704,12/29/2023,Nigeria,Langosh and Sons,3,FALSE
Nestea - Iced Tea,household,43.55,76,6/19/2023,Democratic Republic of the Congo,"Kilback, DuBuque and Reichel",0.2,TRUE
"Juice - Tomato, 48 Oz",beverage,28.45,152,9/24/2022,Panama,"McCullough, Robel and Wiegand",0.1,
"Beer - Alexander Kieths, Pale Ale",food,51.59,988,12/22/2023,Kenya,"Robel, Wisoky and Witting",6.4,FALSE
Eggs - Extra Large,household,57.37,216,10/25/2023,Philippines,"Kulas, Rice and Dach",0.8,TRUE
Puree - Passion Fruit,household,29.52,948,3/20/2023,China,Monahan LLC,7,TRUE
"Bread - Roll, Italian",beverage,17.78,945,1/1/2023,China,Hagenes LLC,3.1,FALSE
Sea Urchin,food,48.87,977,12/24/2022,Germany,"Kshlerin, Lang and Cremin",3.3,TRUE
"Pasta - Penne, Lisce, Dry",household,30.67,137,4/5/2023,China,Mueller-Hamill,0.6,TRUE
"Pail - 15l White, With Handle",food,84.31,621,8/7/2023,Malaysia,"Funk, Parisian and Wehner",2.3,TRUE
Okra,household,47.02,652,7/7/2023,Indonesia,"Oberbrunner, Gusikowski and Sporer",1.7,FALSE
Spring Roll Veg Mini,beverage,55.42,753,7/16/2022,Slovenia,Lubowitz Inc,3.3,FALSE
Flour - Strong,beverage,54.99,301,12/18/2023,Albania,"Carter, Watsica and Ernser",1.3,FALSE
Chips - Doritos,beverage,59.06,306,8/26/2023,Indonesia,"Boyer, Windler and Nolan",0.4,TRUE
Tomatoes - Hot House,food,77.93,306,9/21/2022,Poland,Morissette Inc,7.9,
Praline Paste,beverage,33.92,176,2/25/2023,Guatemala,Hettinger-Baumbach,0.6,
Steampan - Lid For Half Size,beverage,26.48,691,4/17/2022,Nepal,Gerhold-Kohler,0.8,FALSE
Water - Evian 355 Ml,beverage,45.13,974,6/3/2023,China,Stehr and Sons,0.9,FALSE
Flour - So Mix Cake White,food,85.33,413,9/3/2022,Mexico,Hand and Sons,3.6,FALSE
Wine - Fume Blanc Fetzer,food,53.26,50,12/30/2023,China,Konopelski-Rogahn,6.7,
Frangelico,food,14.8,563,1/17/2023,Ghana,Grady and Sons,9.8,FALSE
"Chicken - Breast, 5 - 7 Oz",household,97.77,637,9/7/2023,Serbia,"Keebler, Kemmer and Upton",1.8,
Butter - Salted,food,92.38,825,10/2/2023,Russia,Zieme-Ebert,2.9,FALSE
"Pasta - Bauletti, Chicken White",beverage,31.89,292,3/3/2022,South Korea,Bahringer-MacGyver,0.3,
Lid Tray - 16in Dome,beverage,79.11,466,2/18/2023,China,Shields Inc,1,
Tea - Lemon Green Tea,household,25.44,962,10/14/2023,Indonesia,Simonis and Sons,5.9,
Cheese - Mozzarella,household,94.9,614,7/6/2023,China,"Buckridge, Greenfelder and Johnson",4.4,FALSE
Flour - Strong Pizza,household,10.98,931,12/26/2023,Indonesia,Blanda-Waelchi,8.4,FALSE
Icecream - Dstk Super Cone,food,84.03,311,8/7/2023,Iran,"Herzog, Osinski and Kreiger",3.9,TRUE
Cheese - Swiss,food,76.83,112,6/27/2023,Ireland,"Koch, Robel and Stokes",6.3,TRUE
Hipnotiq Liquor,food,54.4,53,1/30/2023,China,"Dach, Paucek and Mueller",8.6,FALSE
Bay Leaf,food,18.89,103,6/14/2022,Honduras,Cronin-Harris,1.4,TRUE
Arrowroot,beverage,90.24,237,4/15/2022,Brazil,"McCullough, Kautzer and Adams",0.3,FALSE
Bread Crumbs - Japanese Style,food,16.52,965,6/7/2022,Thailand,Smitham and Sons,6.1,FALSE
Cheese - Parmesan Cubes,food,12.23,42,3/6/2022,Portugal,"Fisher, Lesch and Runolfsson",3.8,TRUE
Cheese - Comte,household,38.18,419,2/15/2022,Poland,Legros and Sons,6.7,
Apple - Macintosh,household,38.26,650,3/8/2022,Russia,Howe-Armstrong,4.1,TRUE
Star Fruit,beverage,90.7,867,9/10/2022,Ukraine,"Batz, Stracke and Cummings",8.8,FALSE
Spice - Chili Powder Mexican,beverage,33.23,128,6/2/2022,China,"Mueller, Greenholt and Kuhlman",5.6,TRUE
Jameson - Irish Whiskey,household,73.49,687,2/6/2023,China,"Cormier, Gorczany and Lubowitz",4.3,
Bread - Pumpernickel,beverage,99.62,337,3/30/2022,Uzbekistan,Luettgen and Sons,7.7,
Alize Gold Passion,household,39.58,119,7/13/2023,Sweden,"Goyette, Runolfsdottir and Reinger",2.3,
Cheese - Parmigiano Reggiano,food,47.68,695,10/16/2022,Portugal,Cole-Lehner,7.3,FALSE
Prunes - Pitted,beverage,5.42,100,8/8/2023,China,"Kihn, Cole and Kutch",5.2,TRUE
Wine - Crozes Hermitage E.,household,70.01,690,3/27/2022,Peru,Witting-Murphy,3.3,
Plaintain,household,23.75,998,5/27/2023,Portugal,"Hackett, Baumbach and Mayer",3,TRUE
Chocolate - Sugar Free Semi Choc,beverage,45.73,12,6/26/2022,Brazil,Schmitt-Kub,1.9,TRUE
"Mustard - Dry, Powder",household,7.68,99,5/16/2022,China,Thiel LLC,6,TRUE
Wonton Wrappers,beverage,70.37,418,1/4/2022,Morocco,Weber Group,7.6,TRUE
Wine - Jafflin Bourgongone,household,32.87,787,3/30/2022,Brazil,"Rippin, Herman and Nienow",9.2,TRUE
"Iced Tea - Lemon, 340ml",beverage,3.69,362,10/4/2022,China,Kris-Klein,3.6,
Puree - Pear,food,54.53,959,9/4/2022,Croatia,Padberg-Hirthe,6.5,TRUE
Octopus,food,53.96,565,2/12/2022,Mexico,"Harris, Kilback and Koss",9.1,
"Soup - Campbells, Beef Barley",food,90.82,247,4/25/2022,Spain,"Witting, Hermann and Gleichner",1.2,FALSE
Hold Up Tool Storage Rack,household,26.52,588,8/7/2023,Philippines,Larson and Sons,0.2,TRUE
Beets - Golden,household,74.59,245,12/13/2023,Japan,"Hagenes, Johnson and Stracke",1.6,
Squash - Sunburst,food,49.05,535,3/2/2022,Egypt,Harber LLC,3.8,FALSE
Wine - Chateau Timberlay,food,50.95,820,1/27/2022,Brazil,Erdman and Sons,4,FALSE
Capers - Ox Eye Daisy,beverage,91.57,338,12/27/2023,Poland,Jones-Ruecker,8.9,TRUE
Steampan - Foil,food,88.77,530,6/15/2023,China,"Lind, MacGyver and Kulas",7.3,TRUE
Pork - Hock And Feet Attached,food,10.1,217,10/26/2023,Canada,Littel-Barrows,5,
Edible Flower - Mixed,food,67.56,625,12/3/2022,Russia,Hahn-Schiller,0.5,TRUE
Apricots Fresh,beverage,5.23,315,6/22/2023,Sweden,Wiza Inc,9.5,TRUE
"Juice - Pineapple, 48 Oz",beverage,91.98,775,3/30/2023,Philippines,Kub and Sons,6.5,FALSE
"Roe - Lump Fish, Red",beverage,91.48,1,8/4/2022,Indonesia,Mosciski LLC,0.5,
Lid - 0090 Clear,household,6.02,622,5/1/2023,Brazil,Carter-Kunze,5.6,
Longos - Assorted Sandwich,food,1.66,176,2/12/2022,Cameroon,"Sanford, Hahn and Hane",6.3,FALSE
Wine - Chardonnay Mondavi,food,29.32,738,7/7/2022,Peru,Cummerata LLC,9.2,
Wine - Sogrape Mateus Rose,beverage,71.98,71,8/26/2022,China,Hand Group,4.2,
"Nut - Peanut, Roasted",household,32.91,542,12/16/2023,Brazil,Weber-Mann,7.8,FALSE
Beer - Muskoka Cream Ale,food,70.32,487,8/1/2022,China,Kshlerin and Sons,5.6,TRUE
Mushroom - King Eryingii,food,23.4,19,11/14/2022,China,Spinka and Sons,9.1,
"Wine - Sherry Dry Sack, William",food,39.37,985,4/16/2022,Russia,Wisoky-Dicki,4.2,FALSE
"Flour - Buckwheat, Dark",beverage,95.28,29,8/11/2023,Macedonia,Raynor Group,6.1,
Oven Mitt - 13 Inch,household,87.07,872,12/6/2023,Albania,Mohr Inc,7,
Puree - Kiwi,household,52.42,598,1/16/2022,China,Homenick and Sons,6.2,TRUE
Corn Meal,food,49.76,771,7/8/2022,Vietnam,Hintz-Fadel,1.9,FALSE
Pate - Peppercorn,beverage,63.3,218,12/13/2022,Czech Republic,Kemmer Inc,9.5,FALSE
Bread - Italian Corn Meal Poly,beverage,43.42,587,1/14/2022,Poland,"Goyette, Oberbrunner and Jakubowski",3,FALSE
Wine - Hardys Bankside Shiraz,household,39.18,947,8/29/2023,Croatia,"Luettgen, Feest and Homenick",5.4,TRUE
Pepperoni Slices,food,51.25,76,8/21/2023,China,"Lehner, Schaden and Howell",3.7,
Pastry - Chocolate Marble Tea,food,14.54,856,12/31/2022,Denmark,Gerhold and Sons,6.2,TRUE
"Bread - Pullman, Sliced",household,83.04,304,2/18/2023,Peru,Gutkowski-Satterfield,8,FALSE
Gatorade - Orange,household,17.7,26,10/26/2023,Colombia,Dicki-Dietrich,5.9,TRUE
Tomatoes,household,94.29,997,7/27/2023,France,Bailey Group,3.7,
Pork - Shoulder,beverage,64.91,805,5/23/2023,France,Batz and Sons,9.9,FALSE
Whmis Spray Bottle Graduated,food,9.03,698,11/10/2022,Greece,Bergstrom-Stroman,6.5,TRUE
Grand Marnier,beverage,50.84,504,2/11/2022,Yemen,Koss Inc,8.2,
Nantucket - 518ml,food,29.42,460,1/12/2023,Cuba,"Wolff, Volkman and Reichert",1.6,FALSE
"Pork - Tenderloin, Frozen",beverage,22.16,582,7/16/2022,Philippines,Boyer Group,7.7,FALSE
Pepper - Pablano,beverage,37.57,190,10/12/2023,Croatia,Stroman-Ruecker,2.3,TRUE
Sobe - Lizard Fuel,beverage,38.32,431,8/6/2023,France,"O'Keefe, Larkin and Schmeler",5.1,
Ostrich - Prime Cut,beverage,40.84,518,7/29/2023,Thailand,"Emard, Ritchie and Hamill",7.5,TRUE
Nestea - Iced Tea,household,18.3,769,6/29/2023,Japan,Kreiger-Bergnaum,3.2,FALSE
Pectin,food,48.69,706,4/24/2022,Cuba,Stanton and Sons,2.4,FALSE
Potato - Sweet,food,8.76,296,9/3/2022,Argentina,"Pacocha, Doyle and Bins",9.3,FALSE
Table Cloth 90x90 Colour,beverage,88.41,703,4/24/2023,China,Marvin-Auer,2.4,
Bananas,food,58.26,261,8/10/2023,Armenia,"Stroman, Will and Hamill",4.5,FALSE
"Pepper - Black, Crushed",household,50.48,651,9/12/2022,Bahamas,Emard Inc,3,FALSE
Plums - Red,food,6.11,546,11/28/2023,Egypt,"Hartmann, Barrows and Kihn",4.3,TRUE
Teriyaki Sauce,food,91.06,919,11/30/2023,Estonia,Dickinson-Lynch,2.1,TRUE
"Lentils - Green, Dry",food,26.07,740,1/8/2023,Russia,"Harris, Casper and Greenfelder",8.1,
Table Cloth 62x114 Colour,household,74.25,418,8/19/2023,Armenia,Green and Sons,0.6,FALSE
Cape Capensis - Fillet,household,27.21,434,7/10/2022,Indonesia,"Strosin, Prohaska and Stiedemann",2.2,FALSE
Pears - Fiorelle,food,56.55,753,11/29/2022,China,Bode Group,6.8,TRUE
"Pasta - Rotini, Colour, Dry",household,44.24,287,4/16/2022,China,Bradtke-Schumm,7.6,FALSE
"Pepper - Black, Ground",beverage,18.05,621,12/31/2022,Oman,Ratke-Fahey,9.3,TRUE
Dried Cranberries,household,6.98,959,12/9/2023,Palestinian Territory,Corkery-Kihn,7.7,
Squid Ink,household,2.94,96,2/2/2023,Indonesia,"Nolan, Braun and Wiza",3,FALSE
Sherbet - Raspberry,beverage,82.09,684,1/22/2023,Indonesia,Harber Inc,4.6,TRUE
Cookie Chocolate Chip With,beverage,27.01,114,1/7/2022,France,"Gerlach, Green and Ernser",7.7,TRUE
"Melon - Watermelon, Seedless",household,26.16,185,6/11/2023,Indonesia,Kunze Inc,9.9,
Oil - Peanut,beverage,52.2,91,2/7/2023,China,Durgan LLC,2.1,
Vol Au Vents,food,85.53,561,4/2/2022,United States,Daniel-Fisher,1.5,TRUE
"Pork - Butt, Boneless",household,97.27,907,12/15/2022,Germany,"Hickle, Little and Anderson",8.4,TRUE
"Turkey - Breast, Double",beverage,25.12,46,6/9/2022,China,Deckow-Walter,0.9,TRUE
Ketchup - Tomato,beverage,53.52,368,10/26/2022,China,Stroman Group,0.8,FALSE
Artichoke - Fresh,beverage,30.77,857,1/2/2022,Philippines,"Carroll, Blick and Brown",1.6,TRUE
Peach - Halves,household,70.93,35,1/10/2023,Indonesia,Cormier LLC,4,
Marzipan 50/50,food,64.31,344,11/25/2022,Brazil,Leffler LLC,0.2,TRUE
Horseradish Root,household,82.45,720,1/7/2022,Ivory Coast,"Hirthe, Kautzer and Wyman",0.8,FALSE
The Pop Shoppe Pinapple,household,63.36,283,2/21/2023,Kazakhstan,Stracke-Schuppe,9.4,
Foam Tray S2,food,80.37,576,3/3/2023,Albania,Stark-Jakubowski,9.5,TRUE
Rice - 7 Grain Blend,beverage,81.45,570,3/13/2022,Ukraine,Wisozk-Williamson,2.7,
Stainless Steel Cleaner Vision,beverage,26.28,45,5/23/2022,Colombia,Schowalter and Sons,2.5,FALSE
Squash - Sunburst,household,98.82,648,6/2/2022,Philippines,"Schultz, Ward and Parisian",4.2,FALSE
Cheese - Brie,food,28.82,180,5/31/2022,China,Mertz Inc,3.4,
Beer - Heinekin,household,18.07,410,12/30/2022,Canada,Mills and Sons,8.6,
Quinoa,beverage,88.18,797,5/10/2022,Portugal,Swaniawski LLC,4.7,TRUE
"Lemonade - Strawberry, 591 Ml",food,37.7,939,8/17/2022,Vietnam,Erdman and Sons,4.3,FALSE
Island Oasis - Mango Daiquiri,household,38.66,752,10/17/2023,Philippines,Block LLC,6.6,TRUE
Mcguinness - Blue Curacao,beverage,30.68,25,12/19/2022,China,"Brakus, Konopelski and Schamberger",0.6,
Bread - Hot Dog Buns,food,13.05,275,12/21/2023,Japan,Schulist and Sons,4.1,TRUE
Eggroll,food,2.37,700,10/3/2022,Netherlands,Adams Group,2.4,TRUE
Chocolate - Chips Compound,food,81.03,209,11/23/2022,Nigeria,Auer-Morissette,8.1,
Pepper - Red Chili,household,3.91,565,2/7/2022,China,"Feest, Rippin and Dicki",2.5,FALSE
Buttons,beverage,48.02,678,4/18/2023,Portugal,"Gorczany, Hane and Thompson",8.5,TRUE
Sauce - Chili,household,7.41,730,8/26/2023,China,McGlynn-Ernser,7,FALSE
Crackers - Soda / Saltins,food,22.58,425,9/16/2022,Ukraine,Weimann-Kuhn,4.7,FALSE
Oil - Macadamia,household,60.96,109,4/11/2023,Indonesia,Adams LLC,4.6,
Tea - Decaf 1 Cup,food,33.97,817,7/14/2023,Nigeria,"Sawayn, Howe and Johns",6.8,TRUE
Oil - Coconut,beverage,46.72,537,9/19/2022,Argentina,"Klein, Bernier and Dooley",3.1,
Coffee - Decafenated,beverage,52.05,465,9/9/2023,China,Goodwin-Moen,6.3,FALSE
"Crab - Claws, 26 - 30",beverage,76.63,426,12/2/2022,Ivory Coast,Goldner-Kuhic,0.6,TRUE
Pear - Halves,beverage,49.81,193,7/25/2023,Morocco,Gislason-Rohan,8.3,FALSE
Oil - Sunflower,beverage,7.32,752,9/29/2022,Philippines,"Lakin, Doyle and Luettgen",1.6,FALSE
Extract - Almond,household,90.48,166,1/12/2022,Tunisia,"Sipes, Pollich and Becker",3.8,FALSE
"Sauce - Soya, Dark",household,53.78,27,4/5/2023,Kuwait,Gorczany-Stroman,8,TRUE
"Shrimp, Dried, Small / Lb",household,2.15,400,7/21/2022,United States,"Rosenbaum, Treutel and Weissnat",5.3,FALSE
Beer - Creemore,food,19.76,61,12/28/2022,Portugal,Aufderhar and Sons,5.8,FALSE
"Wine - White, Riesling, Henry Of",food,47.1,641,12/16/2023,Philippines,Heidenreich-Dach,7.2,
Soup V8 Roasted Red Pepper,household,90.24,800,3/4/2022,Syria,Runolfsson Group,2.2,
Olives - Nicoise,beverage,32.9,622,10/16/2022,Finland,Mraz-Nicolas,0.4,FALSE
Potatoes - Idaho 80 Count,food,51.34,362,6/2/2022,China,"Schultz, Carroll and Braun",3.3,TRUE
Wine - Delicato Merlot,beverage,48.94,571,2/3/2023,Philippines,"Wilkinson, Windler and Zulauf",1,TRUE
Yeast Dry - Fleischman,household,8.57,764,1/15/2022,Peru,"Swaniawski, Ledner and Russel",6.5,TRUE
Muffin - Mix - Bran And Maple 15l,household,32.41,548,11/20/2022,Indonesia,"Schuppe, Beer and Hartmann",6.5,
Butter - Unsalted,beverage,70.41,939,10/8/2022,Russia,"Purdy, DuBuque and Quigley",2.7,TRUE
"Wine - Mas Chicet Rose, Vintage",beverage,15.5,365,12/12/2022,Philippines,Bednar Group,1.9,FALSE
"Soup - Knorr, Country Bean",beverage,68.73,220,3/19/2023,Kazakhstan,"Bernhard, Braun and Becker",3.3,TRUE
Bread - Raisin Walnut Pull,household,19.17,969,12/28/2022,Mexico,Aufderhar-Green,1.2,TRUE
Cake - Cake Sheet Macaroon,beverage,74.95,570,6/12/2023,China,Dicki and Sons,0.6,TRUE
Neckerchief Blck,food,34.49,961,3/27/2022,Poland,Franecki-MacGyver,0.2,TRUE
Fib N9 - Prague Powder,food,31.09,947,3/24/2022,France,"Jaskolski, Schulist and Schmidt",6.1,
Aspic - Clear,beverage,83.89,574,9/28/2022,Thailand,"Goldner, Orn and Dare",7.2,TRUE
Cookie Dough - Oatmeal Rasin,household,28.71,133,4/3/2022,Kenya,Kihn and Sons,3.4,TRUE
General Purpose Trigger,food,23.11,126,5/30/2022,Indonesia,Koepp-Leffler,4.9,FALSE
Shallots,household,9.76,369,3/28/2023,China,"Gerlach, Aufderhar and Cruickshank",3,TRUE
Bread - Bistro White,food,65.21,829,8/14/2023,Greece,"Cremin, Mraz and Robel",0.8,TRUE
Pear - Packum,household,47.37,248,1/1/2022,Republic of the Congo,Rath Group,7.5,TRUE
Snapple Raspberry Tea,food,37.79,76,5/21/2022,Sweden,"Kovacek, Reichert and Kuhn",5.5,TRUE
Chinese Foods - Plain Fried Rice,food,35.25,691,10/6/2023,Philippines,Leuschke Inc,2.3,
Gooseberry,beverage,39.16,271,12/13/2023,China,Nikolaus-Torp,7.5,
Wine - Fat Bastard Merlot,food,98.71,887,11/5/2022,Dominican Republic,Flatley and Sons,6.7,FALSE
Soupfoamcont12oz 112con,household,27.81,2,3/9/2022,Indonesia,Becker and Sons,6.3,
Wine - Ruffino Chianti,household,66.68,946,4/27/2023,Japan,"Thiel, Dach and Bins",6.7,TRUE
Pastry - Baked Scones - Mini,beverage,72.79,874,10/20/2022,China,Von-Kautzer,0.2,FALSE
General Purpose Trigger,food,89.4,54,7/21/2023,Indonesia,Waelchi Group,8.5,
Extract - Raspberry,beverage,26.35,656,2/27/2022,Portugal,West-Hettinger,3.8,
"Wine - Red, Mouton Cadet",food,70.5,353,5/12/2022,Poland,"Volkman, Hartmann and Funk",7.3,
Coffee Guatemala Dark,beverage,17.19,562,2/1/2022,Poland,Watsica Inc,2.9,
Creme De Menthe Green,food,70.39,448,12/24/2022,Greece,"Shanahan, McClure and Brekke",8,TRUE
"Coconut - Shredded, Sweet",beverage,60.25,163,8/21/2023,Poland,Kessler Inc,4.2,FALSE
Tuna - Bluefin,household,1.82,661,2/14/2022,Philippines,"Emard, Larson and Halvorson",6.7,TRUE
Parsnip,beverage,19.61,17,4/21/2023,Poland,Gerlach LLC,8.8,FALSE
Mushrooms - Honey,household,57.05,884,5/15/2022,Colombia,Fritsch-Harber,5.6,
Ice Cream - Vanilla,household,32.19,852,6/10/2023,China,Fahey-Bechtelar,1.2,
Flavouring - Raspberry,household,91.66,163,2/9/2022,Malaysia,"Schimmel, Hudson and VonRueden",2.9,FALSE
"Tart Shells - Sweet, 4",beverage,67.2,529,2/19/2023,Indonesia,Bartell-Stoltenberg,1.2,TRUE
Lettuce - Green Leaf,beverage,57.89,495,3/30/2023,Russia,"Hyatt, Blick and Marvin",10,TRUE
Wine - Marlbourough Sauv Blanc,beverage,8.16,788,5/10/2023,China,"Hilpert, Jakubowski and Reichert",6.4,
Tuna - Loin,household,15.59,215,11/30/2022,Indonesia,Schmeler-Nikolaus,8.5,
"Chocolate - Milk, Callets",beverage,59.41,178,1/31/2023,United States,Gutkowski-Gorczany,4.3,FALSE
Appetizer - Sausage Rolls,beverage,39.17,687,2/4/2023,Brazil,"Ferry, Lebsack and Aufderhar",7.2,TRUE
Sauce - Rosee,food,22.75,217,9/13/2022,Albania,"Kuhlman, Ullrich and Kassulke",6.3,TRUE
Pork Salted Bellies,household,5.63,74,7/5/2023,Iran,Kirlin-Wolff,3.5,FALSE
"Salmon - Atlantic, Skin On",food,39.73,6,6/30/2022,Myanmar,"Roberts, Leffler and Hane",5.2,FALSE
Soup - Campbells Beef Strogonoff,beverage,15.85,371,8/3/2023,Brazil,Jacobs-Corwin,5.7,FALSE
"Stock - Veal, Brown",household,88.51,942,2/21/2023,China,Kunde-Nolan,1.5,TRUE
Wine - Malbec Trapiche Reserve,food,22.1,814,3/29/2022,Ukraine,Hudson-Padberg,3.6,
"Carrots - Mini, Stem On",beverage,15.24,518,8/29/2022,France,Lebsack and Sons,3.6,
Wine - Vouvray Cuvee Domaine,household,52.16,567,9/15/2023,Kazakhstan,Skiles Group,8.9,TRUE
Wine - Riesling Alsace Ac 2001,beverage,62.6,37,2/16/2023,New Zealand,"Sporer, Williamson and Denesik",2.2,FALSE
Tuna - Sushi Grade,beverage,69.13,236,11/13/2023,United States,Gutmann-Hoppe,5.9,
Steampan - Half Size Shallow,household,84,269,5/8/2022,Indonesia,"Murphy, Grimes and Cruickshank",4.1,TRUE
Corn - On The Cob,beverage,76.6,407,12/16/2023,France,"Robel, Bins and Beatty",3.1,TRUE
Cheese - Bocconcini,beverage,32.24,706,8/23/2023,Bolivia,Littel and Sons,3.7,
Langers - Ruby Red Grapfruit,food,66.2,807,7/27/2023,Greece,Carter and Sons,6.3,TRUE
Dill Weed - Dry,beverage,47.72,354,10/16/2023,Sweden,Tromp LLC,7.8,FALSE
Wine - Ej Gallo Sierra Valley,household,94.71,998,8/12/2023,Chad,Prohaska-Schulist,8.2,FALSE
Parasol Pick Stir Stick,household,96.94,468,10/20/2022,Philippines,"Goldner, Leuschke and Klocko",4.2,FALSE
Bread Ww Cluster,household,57.49,763,9/11/2023,Ivory Coast,"Smith, Mertz and Ruecker",8.2,FALSE
"Mop Head - Cotton, 24 Oz",household,39.99,449,9/11/2023,Bosnia and Herzegovina,Marks-Rau,1.7,TRUE
Arizona - Plum Green Tea,food,3.57,790,1/7/2023,Indonesia,"Funk, Reichert and Haley",7.9,
"Noodles - Cellophane, Thin",beverage,96.11,906,5/26/2023,France,Gleason-Nienow,2.5,
Sprouts - Alfalfa,household,85.92,956,3/9/2022,Indonesia,"Langosh, Bergstrom and Satterfield",3.8,TRUE
Sausage - Breakfast,household,67.1,301,5/28/2022,Czech Republic,Stehr-Swift,9.4,TRUE
"Shrimp - 16/20, Peeled Deviened",household,8.1,843,10/4/2022,China,Stroman-Doyle,8.2,
Wine - Savigny - Les - Beaune,food,96.41,715,11/28/2022,Poland,Stanton-Metz,9.2,
Wine - Cotes Du Rhone,beverage,67.86,783,1/19/2022,Dominican Republic,Nienow-Kertzmann,0.5,FALSE
Wild Boar - Tenderloin,household,95.89,309,8/8/2023,Indonesia,"Stiedemann, Donnelly and Swift",5.7,TRUE
Salt - Celery,food,80.99,104,6/28/2023,Portugal,McLaughlin Inc,3.7,
"Crab - Dungeness, Whole, live",beverage,46.22,431,6/13/2023,Indonesia,"Ritchie, Hilpert and Lang",0.6,FALSE
Bread - Granary Small Pull,food,88.22,27,4/22/2023,Ukraine,Shanahan LLC,9.9,TRUE
"Asparagus - White, Canned",beverage,43.02,373,8/24/2023,Russia,Kozey-Schimmel,2.7,
Sauce - Marinara,beverage,91.31,737,11/22/2022,Ireland,"Hegmann, Bergnaum and Tromp",4.7,
"Veal - Shank, Pieces",food,1.1,583,10/13/2023,Nigeria,"Shields, Cronin and Daniel",7.8,FALSE
Soup Knorr Chili With Beans,household,63.76,704,9/21/2022,Saudi Arabia,Schmitt-Schmitt,7.8,TRUE
"Brownies - Two Bite, Chocolate",household,33.22,216,5/12/2023,Philippines,Brown-Dooley,3.8,FALSE
Egg Patty Fried,household,61.8,750,6/2/2022,Argentina,Farrell LLC,2,FALSE
"Soup - Knorr, Country Bean",household,86.52,110,5/7/2023,China,"Koepp, Ernser and Fritsch",1.6,
Pastry - Cherry Danish - Mini,food,57.81,948,11/20/2023,Sweden,Weber LLC,7.1,
"Soup - Knorr, Ministrone",beverage,74.3,266,4/22/2022,Honduras,Bogisich-Muller,3.9,
Wine - Soave Folonari,household,83.19,226,10/9/2022,Chile,Ernser Inc,7.5,FALSE
Transfer Sheets,beverage,58.11,51,5/25/2022,Indonesia,Ullrich and Sons,3.5,TRUE
Cafe Royale,household,71.3,753,7/17/2022,Philippines,Beier Inc,7.2,TRUE
"Veal - Shank, Pieces",beverage,59.49,120,8/18/2023,Philippines,Raynor-Trantow,1.9,
"Chicken - Thigh, Bone In",beverage,5.52,1,9/11/2022,China,Mills-Thompson,5.4,
Flower - Leather Leaf Fern,household,14.15,47,11/1/2022,Brazil,Littel LLC,4.5,TRUE
Green Tea Refresher,food,43.28,474,12/17/2023,China,Kiehn-Abernathy,7.7,TRUE
Oil - Hazelnut,household,29.83,189,7/6/2023,China,Armstrong and Sons,2.2,FALSE
Cheese - Perron Cheddar,food,92.84,314,9/5/2022,Philippines,Schuster-Becker,7.9,TRUE
Oil - Sesame,household,84.82,713,1/11/2022,Togo,Thiel-Rau,4.7,
"Wine - Saint - Bris 2002, Sauv",food,18.94,258,8/4/2023,Philippines,Schneider-Will,4.7,FALSE
Onions Granulated,food,33.56,497,10/18/2023,China,Breitenberg Inc,6.9,
Sorrel - Fresh,food,66.82,566,3/11/2022,South Africa,MacGyver LLC,9.6,
Rice - Jasmine Sented,beverage,93.21,421,3/7/2022,Russia,Kling and Sons,4.3,
"Wine - White, Cooking",food,43.98,841,6/30/2022,Iran,Spencer-Tremblay,6.9,TRUE
Piping Jelly - All Colours,food,33.45,4,4/2/2023,Japan,"Berge, Emmerich and Raynor",5,
Bread - Italian Roll With Herbs,beverage,12.67,132,12/16/2022,United States,Heaney-Huels,7.3,FALSE
Scallops - U - 10,household,1.63,870,10/5/2022,United States,"Hammes, Klein and Metz",4.6,TRUE
Appetizer - Mango Chevre,food,11.58,772,6/28/2023,United States,Frami-MacGyver,5,TRUE
Fork - Plastic,beverage,89.47,994,1/1/2022,Nigeria,Wisoky Inc,6.5,TRUE
Cookie Chocolate Chip With,household,35.42,253,2/10/2022,Peru,Wehner-Gutmann,4.6,
Potato - Sweet,household,48.91,693,9/15/2022,Philippines,Feest LLC,4.1,
Ecolab - Ster Bac,food,7.53,701,8/13/2022,Togo,Gibson Group,8.7,TRUE
"Wine - Red, Wolf Blass, Yellow",household,73.9,992,11/1/2023,Poland,Franecki-Harris,9.4,FALSE
Muffin - Zero Transfat,beverage,14.67,42,10/26/2022,China,"Bradtke, Mraz and Pfannerstill",2.7,FALSE
Flavouring - Rum,food,1.05,499,7/10/2023,Madagascar,Wuckert-Huel,4.1,
Piping - Bags Quizna,household,18.82,533,12/21/2023,China,Yost-Armstrong,8.8,TRUE
Wooden Mop Handle,beverage,55.52,260,11/12/2022,Sudan,"Cremin, Wintheiser and Botsford",4.7,FALSE
Butter - Unsalted,beverage,60.17,784,1/3/2023,Democratic Republic of the Congo,Hills-Gleichner,8.7,FALSE
Potatoes - Yukon Gold 5 Oz,household,67.99,892,3/11/2022,Philippines,"Schultz, Cassin and Kozey",9,FALSE
Soup Campbells Beef With Veg,food,45.35,255,8/18/2022,United States,"Marvin, Fisher and Strosin",6,TRUE
Cookies Almond Hazelnut,household,52.53,86,7/6/2022,Russia,Kuphal Group,0.1,TRUE
Longos - Penne With Pesto,household,46.34,817,3/25/2022,Indonesia,"Ward, Wehner and Upton",7,
Sesame Seed Black,household,77.9,379,11/23/2023,Luxembourg,Hagenes-Hayes,3.4,FALSE
Ostrich - Prime Cut,food,95.63,364,4/10/2022,China,Donnelly-Stamm,6.9,FALSE
Wine - Barossa Valley Estate,household,44.98,366,2/19/2023,Malaysia,Braun Group,9.8,
Island Oasis - Magarita Mix,household,16.36,674,6/11/2022,South Africa,Gerhold-Reilly,0.3,
Cheese - Brick With Onion,beverage,84.68,713,8/25/2023,Indonesia,"Bins, Reilly and Bailey",1.5,TRUE
Pails With Lids,beverage,19.64,151,2/6/2022,Czech Republic,Tremblay Group,0.7,
"Pail - 15l White, With Handle",household,89.09,597,2/5/2023,Iran,Purdy and Sons,1.1,
Mustard - Individual Pkg,household,23.47,73,11/1/2022,Philippines,Goldner-Dach,4.7,
Bread Crumbs - Panko,food,98.93,600,2/22/2023,Peru,"Bechtelar, Swift and Hane",5.3,TRUE
Ham - Procutinni,food,84.98,585,5/17/2022,Finland,Hane Group,4.6,TRUE
"Gingerale - Schweppes, 355 Ml",food,47.81,393,6/21/2023,Philippines,Harvey-Feeney,7.3,
"Wine - Red, Mosaic Zweigelt",food,37.36,467,4/7/2023,Malaysia,Bailey-Howell,6.9,FALSE
Egg - Salad Premix,household,91.85,887,7/22/2023,Mozambique,"Ebert, Medhurst and Berge",4.3,FALSE
"Thyme - Lemon, Fresh",beverage,14.84,638,4/30/2023,China,Smith-Smith,9.1,FALSE
Wine - Magnotta - Bel Paese White,household,22.09,313,4/19/2023,Palestinian Territory,"Bosco, Farrell and Conroy",1.6,FALSE
Mahi Mahi,household,14.19,57,2/10/2022,China,"Schaden, Lockman and Mohr",6.6,FALSE
"Nut - Hazelnut, Ground, Natural",household,98.05,686,1/11/2023,Iran,"Corwin, Durgan and Kessler",0.2,TRUE
Cookie Dough - Oatmeal Rasin,food,7.73,134,2/26/2023,Portugal,Cummerata Group,1.8,
Bread - 10 Grain Parisian,household,41.24,102,10/30/2023,China,Walker Group,8.7,TRUE
Carroway Seed,household,25.89,983,7/29/2023,Belarus,Hirthe-Altenwerth,5.7,
"Squash - Pattypan, Yellow",beverage,93.7,931,11/2/2022,Senegal,"Abbott, Price and McDermott",1.5,TRUE
Puree - Mocha,food,2.45,65,4/1/2022,El Salvador,"Rodriguez, Turcotte and Connelly",2.2,FALSE
Fish - Bones,beverage,24.26,892,12/25/2023,Bangladesh,"Ullrich, Auer and Anderson",2.1,TRUE
Dried Cranberries,household,45.06,556,7/30/2023,Norway,Kulas and Sons,9.8,TRUE
Bagels Poppyseed,household,30.13,715,7/23/2023,Japan,"Gutmann, Gutkowski and Mertz",3.3,TRUE
"Water - Spring Water, 355 Ml",food,72.1,368,5/24/2023,Japan,Nader LLC,8.6,FALSE
Beef - Inside Round,household,4.01,471,3/29/2023,Indonesia,O'Keefe-Rippin,5,TRUE
Lobster - Cooked,beverage,32.24,988,8/3/2022,Philippines,Cummings-Tillman,2.7,TRUE
Beans - Wax,food,39.5,149,5/24/2022,Ukraine,Herman Group,5.4,TRUE
Beer - Mill St Organic,beverage,2.22,413,4/8/2023,China,Collins LLC,6.1,
Wine - Redchard Merritt,beverage,34.11,391,12/28/2023,China,Nikolaus LLC,2.9,FALSE
Ecolab - Power Fusion,household,49.25,381,12/20/2022,Tanzania,"Harris, Nienow and Wilderman",5.9,FALSE
Allspice - Jamaican,household,30.44,310,10/31/2022,Indonesia,"Torphy, Windler and Durgan",6.8,TRUE
Scotch - Queen Anne,food,36.16,910,11/30/2023,United States,Runolfsdottir LLC,3.7,
Container Clear 8 Oz,food,33.31,887,8/19/2023,Albania,Fahey-Powlowski,3.7,TRUE
Wine - Ruffino Chianti,beverage,74.55,379,11/12/2022,Russia,Gutkowski-Blick,7,TRUE
Plastic Wrap,food,54.17,531,12/6/2022,Brazil,Purdy Inc,2.1,
Bagel - Sesame Seed Presliced,food,80.67,905,4/23/2023,Guam,Morissette Inc,2.5,TRUE
Lamb - Whole Head Off,beverage,37.12,929,4/6/2022,Germany,Powlowski Group,6.9,TRUE
Longos - Grilled Salmon With Bbq,beverage,70.78,778,7/2/2022,Philippines,Kuhn-McGlynn,7.7,
Napkin White,beverage,79.35,64,8/5/2022,Brazil,Koelpin LLC,5.5,
Capicola - Hot,household,91.23,312,5/14/2023,Thailand,"Purdy, Jast and Dickinson",2.1,TRUE
"Beef - Chuck, Boneless",beverage,55.43,793,9/1/2022,Afghanistan,"Schmitt, Kutch and Kuphal",3.9,
Napkin - Beverage 1 Ply,beverage,32.27,594,11/7/2023,Indonesia,"Farrell, Reinger and Schaden",6.2,FALSE
Cookies - Englishbay Chochip,household,20.51,501,3/16/2023,Brazil,Stehr-Schiller,7.7,
Cheese - Mascarpone,household,65.46,574,1/30/2023,China,Walter Group,7.4,TRUE
Bagelers - Cinn / Brown,beverage,58.42,558,6/28/2022,China,Bauch-Heller,2.1,TRUE
Mousse - Mango,food,21.09,975,7/27/2023,Czech Republic,"Mante, Nader and Hammes",0.3,TRUE
"Yogurt - Peach, 175 Gr",beverage,23.83,887,10/24/2022,Malta,Mayert Group,4.4,
Quinoa,household,96.6,771,9/5/2022,Finland,Block-Grant,6.4,TRUE
Wine - Beringer Founders Estate,beverage,24.52,43,6/30/2022,China,Grant-Durgan,1.4,
Soupcontfoam16oz 116con,food,64.72,38,5/20/2022,Indonesia,"Grimes, Huels and Lang",5.2,
Bandage - Flexible Neon,beverage,69.68,612,12/27/2022,Indonesia,Pollich Group,3.2,FALSE
"Bar Mix - Pina Colada, 355 Ml",food,37.28,243,6/18/2023,Ukraine,Bradtke-Dietrich,8.1,
Shopper Bag - S - 4,household,91.99,414,11/1/2023,China,Donnelly LLC,9,
Cheese - Comtomme,household,26.32,109,3/20/2022,Latvia,Sporer-Gleason,1.4,
Syrup - Monin - Granny Smith,household,67.42,765,6/12/2022,Indonesia,Torp and Sons,2.8,TRUE
Wine - Cave Springs Dry Riesling,food,5.18,569,3/3/2023,Netherlands,Stoltenberg-Renner,4.4,TRUE
Tomato - Green,household,62.63,816,4/25/2022,Thailand,Crist-Fay,9.5,
Soup - Campbells Tomato Ravioli,beverage,67.83,944,4/19/2022,France,Berge Group,5.9,FALSE
Wine - Alsace Gewurztraminer,beverage,83.22,640,3/6/2023,China,Cole Inc,6.9,FALSE
"Lemonade - Strawberry, 591 Ml",household,53.19,74,7/27/2022,Peru,"Labadie, Kohler and Sawayn",3.3,TRUE
"Pork - Bacon, Double Smoked",household,64.73,651,11/26/2023,Palestinian Territory,Marks Group,8.1,TRUE
"Mushroom - Chantrelle, Fresh",beverage,50.3,109,9/30/2023,Peru,Borer-Bins,9.5,TRUE
Lid Tray - 16in Dome,food,99.25,455,11/26/2022,Czech Republic,Bosco LLC,9.3,TRUE
Olive - Spread Tapenade,household,35.96,64,2/28/2023,China,Nolan Inc,8.8,FALSE
Shrimp - Prawn,beverage,1.59,263,12/26/2022,Poland,Collier Inc,5.7,FALSE
"Artichokes - Knobless, White",household,4.76,593,1/2/2023,France,Heathcote Group,3,
"Juice - Orange, 341 Ml",household,41.87,154,5/31/2023,Russia,Stokes-Hessel,1.7,TRUE
Piping - Bags Quizna,food,92.92,840,10/26/2022,Ukraine,Heathcote Inc,7.2,
Water - Spring Water 500ml,household,96.96,994,2/19/2023,Indonesia,Gleichner Group,6.1,FALSE
Towel Multifold,beverage,29.4,334,1/10/2022,Saudi Arabia,Lubowitz-Bogisich,7.7,FALSE
Pork - Back Ribs,household,85.29,915,1/21/2023,Guatemala,Welch Inc,4,FALSE
Sugar - Palm,household,55.58,465,9/17/2023,China,"Emmerich, Marquardt and Donnelly",1.6,FALSE
Lychee,household,85.75,239,10/12/2023,American Samoa,Brakus-Dickens,0.3,FALSE
Garbage Bags - Clear,food,61.08,469,9/19/2022,Namibia,Ondricka-Nienow,2.4,
Canada Dry,food,92.9,747,12/26/2023,China,Marquardt-Thiel,2.7,TRUE
Salami - Genova,food,1.42,543,6/20/2022,Argentina,Metz-Muller,9.8,
"Cherries - Bing, Canned",beverage,79.04,816,8/3/2023,China,"Friesen, Stiedemann and Botsford",9.7,TRUE
Duck - Whole,beverage,93.39,361,9/13/2022,France,Sawayn-Dietrich,0.3,TRUE
Horseradish - Prepared,food,46.41,894,2/21/2022,France,Sawayn Group,1.2,TRUE
Cheese - Mascarpone,beverage,94.1,557,10/2/2022,China,Koelpin-Dickens,5,FALSE
Beef - Tenderloin - Aa,household,73.13,168,9/2/2023,Sweden,Simonis Group,9.3,FALSE
Wine La Vielle Ferme Cote Du,food,59.25,705,2/12/2022,United States,Jones Inc,0.5,FALSE
Wine - Port Late Bottled Vintage,food,16.28,588,10/29/2023,Bosnia and Herzegovina,Bernhard-Jacobs,7.4,FALSE
Pasta - Fusili Tri - Coloured,food,24.02,16,2/8/2022,Indonesia,Ferry-Gleason,2.1,FALSE
Oxtail - Cut,food,32.94,685,7/27/2022,Nigeria,Goodwin Inc,2.8,
"Pasta - Elbows, Macaroni, Dry",household,82.92,437,4/13/2023,China,Koch Group,8.4,TRUE
Napkin Colour,food,88.45,723,2/5/2023,Greece,Mills-Kulas,1.4,TRUE
Country Roll,beverage,68.18,680,3/22/2023,France,"Satterfield, Dare and Bergstrom",4.1,FALSE
"Soup - Knorr, Chicken Gumbo",beverage,33.98,480,7/21/2023,Poland,"Adams, Kessler and Altenwerth",2.5,FALSE
"Wine - Red, Wolf Blass, Yellow",food,80.58,624,12/12/2023,Kyrgyzstan,Hettinger-Beatty,5.6,TRUE
White Fish - Filets,beverage,59.24,649,8/15/2023,Indonesia,Waters-Donnelly,6.8,TRUE
Vacuum Bags 12x16,household,34.35,578,8/10/2022,France,Blanda-Dickinson,5.6,
"Veal - Insides, Grains",household,97.53,316,9/23/2022,Greece,Effertz LLC,3.6,FALSE
Hummus - Spread,food,46.58,646,7/22/2022,South Africa,"Waelchi, Brakus and Botsford",7.2,FALSE
Pumpkin,household,49.45,472,11/25/2022,Indonesia,Osinski-Hilll,4.8,
Wine - Sicilia Igt Nero Avola,food,10.93,517,8/5/2022,Czech Republic,Rippin and Sons,7,TRUE
Tomato - Plum With Basil,household,38.91,830,11/30/2023,Iran,Lemke-Lehner,8.6,FALSE
Bag - Clear 7 Lb,beverage,16.68,83,2/27/2023,Belarus,Beatty-Herzog,7.6,FALSE
Coffee - Almond Amaretto,food,74.55,36,4/24/2023,Russia,Kihn-Predovic,8.5,
Chicken - Whole Roasting,food,26.99,519,11/24/2022,Indonesia,"Rutherford, Dicki and Thompson",2.3,TRUE
Cleaner - Pine Sol,food,51.3,66,2/27/2023,Democratic Republic of the Congo,"Hamill, Douglas and Robel",9.4,
"Pork - Bacon,back Peameal",food,90.45,486,1/17/2022,Poland,Gottlieb-Braun,3,TRUE
"Soup - Knorr, Chicken Noodle",household,71.32,658,4/21/2022,Philippines,Anderson Inc,0.6,TRUE
The Pop Shoppe - Grape,beverage,9.33,476,4/30/2022,Sri Lanka,"Bashirian, Kirlin and Hammes",9.9,
Neckerchief Blck,beverage,5.75,405,1/27/2022,Paraguay,"Hackett, Lemke and Mitchell",0.6,
"Turkey - Breast, Smoked",household,27.22,260,1/23/2022,United States,Ullrich Group,4.3,
Cheese Cloth No 100,household,52.72,261,11/8/2023,China,Langworth and Sons,3.7,FALSE
"Pork - Sausage, Medium",food,5.74,630,2/10/2023,Indonesia,"Wintheiser, Auer and Lueilwitz",3.2,TRUE
"Wine - Harrow Estates, Vidal",beverage,54.78,736,5/23/2022,Chad,"Marquardt, Deckow and Hayes",3.2,
"Bread - White, Sliced",food,83.7,930,5/2/2023,Dominican Republic,"Sanford, Heller and Ritchie",7.6,TRUE
Beans - Kidney White,beverage,73.5,642,3/9/2022,China,McGlynn-Ferry,4.3,TRUE
Wine - Vineland Estate Semi - Dry,beverage,49.83,519,4/21/2022,Portugal,"Gleason, Schmeler and Stark",7.6,
"Sugar - Brown, Individual",household,19.37,417,10/24/2022,Croatia,Lang-Bechtelar,9.5,
Nut - Macadamia,food,17.44,654,1/4/2022,Indonesia,Kertzmann-Walker,1.4,FALSE
Wine - Chenin Blanc K.w.v.,food,26.03,170,5/2/2023,China,Kutch-Heller,8,TRUE
Apple - Custard,food,59.06,957,9/8/2023,Russia,Crooks Group,1.4,
Banana - Green,food,29.87,254,6/24/2022,Morocco,"Cremin, Bahringer and Swaniawski",7.9,FALSE
"Yogurt - Blueberry, 175 Gr",beverage,99.06,175,4/12/2022,Serbia,Sawayn LLC,5.4,FALSE
Pepper - Scotch Bonnet,food,27.69,438,11/22/2023,Ukraine,Medhurst-Bayer,9.4,FALSE
Juice - Ocean Spray Cranberry,household,46.7,340,3/21/2023,Russia,Hansen LLC,0.9,FALSE
"Turnip - White, Organic",food,97.13,800,5/1/2023,Guatemala,Torphy Group,8.1,
Wine - Dubouef Macon - Villages,beverage,83.34,864,11/3/2023,Slovenia,"Weber, Boyle and Gleason",5.4,TRUE
"Lamb - Pieces, Diced",household,13.12,977,9/6/2023,Portugal,"Thompson, Quigley and Murphy",9.9,
Oil - Macadamia,food,56.78,790,1/8/2023,United States,Gerlach and Sons,4.7,TRUE
Bread - Mini Hamburger Bun,beverage,28.05,189,3/20/2023,Portugal,Brown LLC,2,
Sambuca - Ramazzotti,food,88.35,495,7/17/2022,Honduras,"Nikolaus, Wisozk and Kreiger",5.5,FALSE
"Carrots - Mini, Stem On",household,96.05,381,2/28/2023,Indonesia,"Tremblay, Runolfsson and Crist",5.8,FALSE
Sping Loaded Cup Dispenser,household,47.79,714,11/4/2022,Philippines,Altenwerth and Sons,6.6,FALSE
Flavouring - Orange,beverage,71.86,685,1/1/2022,Brazil,"Cremin, Adams and Daniel",4.9,
"Nut - Hazelnut, Whole",food,77.35,838,4/30/2023,China,Herman LLC,6.2,FALSE
Ecolab - Ster Bac,household,71.44,573,7/25/2022,Mexico,"Pagac, Rice and Turner",5.9,FALSE
Cocktail Napkin Blue,household,68.88,442,3/21/2022,Canada,Lynch-Raynor,6.2,
Ecolab - Power Fusion,food,91.04,579,8/6/2023,China,"Wolf, McKenzie and Legros",6,TRUE
Potatoes - Yukon Gold 5 Oz,food,23.58,675,9/29/2022,United States,Johnston Inc,2.3,TRUE
Scampi Tail,beverage,10.02,189,1/26/2023,Macedonia,Ziemann-Kohler,9.5,FALSE
Scampi Tail,food,70.28,638,7/25/2023,Bahamas,"Heller, Bahringer and Littel",5.6,FALSE
Wine - Delicato Merlot,food,69.19,33,3/19/2022,Somalia,Marks-Senger,0.7,TRUE
Mustard - Pommery,food,90.94,908,9/8/2023,Philippines,"Armstrong, Predovic and Renner",5.7,
Grapefruit - Pink,household,81.99,290,3/8/2023,China,Gutmann-Bergstrom,9,
"Crab - Blue, Frozen",beverage,95.95,995,7/31/2022,Indonesia,Gleichner Inc,7.2,TRUE
Roe - Flying Fish,household,62.97,179,12/5/2023,China,Waters-Daniel,9.1,
Foil Cont Round,food,24.76,937,6/14/2022,Thailand,Cummings-Koepp,3.8,
"Pepper - Red, Finger Hot",beverage,82.57,463,8/24/2022,Canada,"Mills, Lowe and Schoen",6.7,FALSE
Dehydrated Kelp Kombo,household,83.85,554,6/24/2023,Peru,Heaney Inc,1.6,
"Turkey - Breast, Bone - In",food,52.39,812,10/15/2022,Colombia,Brown-VonRueden,7.5,
"Bread - Bagels, Plain",beverage,59.06,550,3/8/2023,Mexico,Lubowitz-Hahn,1.2,TRUE
Lettuce - Curly Endive,food,58.06,297,8/17/2022,Latvia,Schultz LLC,4,
"Wine - White, Antinore Orvieto",food,7.23,291,12/18/2022,Philippines,Yost-Mayer,7.1,
Chocolate - Sugar Free Semi Choc,food,81.64,671,5/7/2023,Finland,Turner-Doyle,7.2,TRUE
Wheat - Soft Kernal Of Wheat,food,71.83,68,12/20/2022,Hungary,"Terry, Boehm and Dietrich",5.3,TRUE
Celery Root,food,30.82,159,10/22/2023,Poland,Dicki Group,6.8,FALSE
Chicken - Leg / Back Attach,food,32.43,433,7/2/2023,China,Langworth-Smith,1.5,TRUE
Dates,household,11.47,468,5/14/2022,United States,Auer-Pfannerstill,3.4,
Wine - Domaine Boyar Royal,beverage,24.8,52,6/14/2022,Norway,Romaguera-O'Keefe,3.6,
"Bread - Bagels, Mini",beverage,59.56,374,1/21/2022,Japan,Hermiston-Price,6.9,
Bread Base - Italian,beverage,83.04,601,1/8/2022,Tunisia,Simonis-Lehner,9.4,FALSE
Walkers Special Old Whiskey,beverage,58.06,334,3/18/2023,Mexico,Jaskolski-Vandervort,7.3,
Galliano,food,98.83,522,12/14/2022,Sweden,Leuschke and Sons,6.7,TRUE
Wine - Clavet Saint Emilion,beverage,44.43,212,8/3/2023,China,Brakus-Krajcik,8.2,TRUE
Veal - Nuckle,household,42.37,816,11/30/2022,Nigeria,Kozey Group,5.3,FALSE
Milk - 1%,household,24.46,157,5/22/2022,Ukraine,Feil-Rath,0.4,
"Veal - Shank, Pieces",household,17.68,250,10/15/2022,Greenland,"Price, Abernathy and Gottlieb",7.4,TRUE
Corn Syrup,food,63.28,713,12/30/2023,Czech Republic,Hartmann-McDermott,5.2,TRUE
Rice - Wild,beverage,47.82,289,12/26/2022,China,Marvin Group,0.4,FALSE
Wine - Dubouef Macon - Villages,food,27.57,874,2/16/2023,Madagascar,"Lockman, Howell and Kulas",1.5,FALSE
Slt - Individual Portions,household,10.33,955,10/18/2023,Chile,Beatty-McKenzie,6,TRUE
Beef - Striploin Aa,food,26.62,176,12/20/2023,Brazil,"Olson, Stroman and Bergnaum",1.7,
Canadian Emmenthal,food,12.22,825,6/15/2023,Czech Republic,Kuhn and Sons,7.1,
Paper Cocktail Umberlla 80 - 180,food,3.35,424,12/11/2022,Kazakhstan,"Purdy, Crooks and White",7.8,FALSE
Wine - Charddonnay Errazuriz,food,80.26,812,3/27/2023,Russia,"Balistreri, Braun and Wunsch",9.7,FALSE
Lid - 3oz Med Rec,beverage,29.41,857,6/26/2022,Czech Republic,"Barrows, Littel and Waters",8.8,FALSE
Truffle Shells - White Chocolate,beverage,87.43,271,7/11/2022,Poland,Friesen-Howell,5.3,TRUE
"Brandy - Orange, Mc Guiness",food,89.67,247,4/16/2023,Philippines,Hane-Abernathy,9.6,FALSE
Pancetta,household,95.83,798,1/25/2022,Philippines,"Fritsch, Steuber and Hane",6.4,FALSE
"Tray - Foam, Square 4 - S",beverage,74,302,3/14/2022,Russia,"Walsh, Bechtelar and Cormier",2.3,FALSE
Saskatoon Berries - Frozen,household,3.76,63,8/7/2022,Russia,Crooks-Vandervort,3,FALSE
Cinnamon - Ground,beverage,17.23,930,10/25/2022,Marshall Islands,Olson-Mitchell,3.3,FALSE
Edible Flower - Mixed,beverage,60.89,525,5/19/2023,Peru,Johns-Lebsack,0.4,FALSE
Tea - Decaf Lipton,beverage,16.24,550,3/23/2023,Bolivia,Jerde Group,3.3,
Wine - Rosso Del Veronese Igt,food,1.88,380,6/14/2022,Bulgaria,"Stiedemann, Shields and Dare",8.5,
Glaze - Clear,household,74.53,116,2/28/2023,China,Langosh and Sons,4.9,FALSE
Seabream Whole Farmed,household,95.43,3,8/22/2023,Albania,Mertz-Herzog,3.1,FALSE
Dehydrated Kelp Kombo,food,7.01,845,11/4/2022,Sweden,Braun LLC,1.5,FALSE
Juice Peach Nectar,beverage,51.48,371,9/8/2022,Philippines,Hintz-Leannon,7.8,
Soup - Cream Of Potato / Leek,household,8.13,858,3/26/2022,Russia,"Smith, Larson and Bartell",6.9,FALSE
"Crab - Back Fin Meat, Canned",beverage,40.76,609,4/3/2023,Iraq,Nolan and Sons,1,TRUE
"Stock - Beef, White",beverage,28.55,258,2/27/2022,China,"O'Connell, Funk and Harris",5.7,TRUE
Spring Roll Veg Mini,household,88.93,896,10/1/2023,Japan,"Gislason, Ryan and Beier",7.6,FALSE
"Potatoes - Yukon Gold, 80 Ct",beverage,47.36,371,4/9/2023,Peru,Russel Inc,5,TRUE
"Beef - Roasted, Cooked",household,79.64,835,2/27/2023,China,Legros-Kuhn,4.5,
Veal - Heart,beverage,26.51,702,5/17/2023,Ukraine,"Flatley, Kilback and Mante",7,TRUE
Beef - Rib Eye Aaa,household,68.05,621,12/8/2023,Brazil,"Pacocha, O'Connell and Rippin",6,
Cinnamon - Stick,household,86.58,741,7/1/2023,Portugal,Farrell-Kutch,6.8,
Trueblue - Blueberry 12x473ml,food,99.54,84,11/22/2023,Chile,Halvorson-Collins,1.4,FALSE
Oneshot Automatic Soap System,household,95.29,779,9/13/2022,Argentina,"Swift, Block and Kunde",3.6,TRUE
"Appetizer - Spring Roll, Veg",food,39.04,919,1/27/2022,Portugal,McClure-Heaney,5.4,TRUE
Kolrabi,household,11.65,225,3/1/2023,United Kingdom,Leannon Group,0.8,FALSE
Lettuce - Iceberg,household,27.72,203,4/27/2022,Canada,Lockman-Mertz,8.6,TRUE
Wine - Periguita Fonseca,beverage,74.51,200,10/29/2022,Japan,Becker-Runolfsdottir,1.2,FALSE
Foie Gras,beverage,73.05,786,12/13/2022,China,Wuckert-Smith,8.5,TRUE
Seabream Whole Farmed,beverage,78.88,860,12/2/2022,Egypt,"VonRueden, Gusikowski and Huels",1.2,FALSE
Bread - Triangle White,household,60.22,941,4/29/2022,China,Hickle-Hamill,6,FALSE
"Beef - Rib Roast, Capless",food,91.77,164,6/26/2022,Portugal,Dickens-Gusikowski,8.1,
"Garlic - Primerba, Paste",food,82.52,790,12/11/2023,China,McKenzie-Miller,2,TRUE
Oven Mitt - 13 Inch,household,47.37,720,5/20/2022,Poland,Kautzer-McKenzie,7.6,
Mix - Cocktail Ice Cream,household,22.45,618,11/21/2023,Afghanistan,"Pollich, Blanda and Rempel",1.2,
"Nut - Pecan, Halves",household,55.13,250,5/1/2023,Russia,"Bashirian, Kessler and Rice",2.3,FALSE
"Liqueur Banana, Ramazzotti",household,72.06,759,12/10/2022,China,"Hoppe, Johns and Mayer",3,FALSE
Sage Derby,household,82.7,557,7/15/2022,Philippines,"Kerluke, Hyatt and Shields",1,
Crackers - Graham,household,59.08,372,7/19/2023,France,Emard-Kemmer,5.6,TRUE
Water Chestnut - Canned,household,55.31,616,7/14/2022,China,Frami-Rau,6.2,
Carbonated Water - Blackcherry,household,83.83,255,5/7/2022,Indonesia,Schumm Group,6.1,
Wine - Lamancha Do Crianza,food,82.11,383,9/27/2022,Cameroon,"Frami, Rau and Volkman",6.3,TRUE
Tuna - Sushi Grade,beverage,75.28,834,10/9/2022,Macedonia,Rippin-Doyle,1.5,FALSE
Water - Perrier,beverage,74.53,421,2/19/2023,China,Carroll Inc,3.3,FALSE
Appetizer - Assorted Box,household,99.85,147,10/12/2022,Gabon,Dooley Group,4.5,TRUE
Wine - Lamancha Do Crianza,household,6.79,576,2/4/2022,Indonesia,"Block, Rath and Cormier",3.8,TRUE
"Vodka - Lemon, Absolut",beverage,41.36,710,12/21/2022,Philippines,"Mohr, Wiza and Bailey",1,FALSE
Muffin Mix - Corn Harvest,food,93.11,453,6/25/2022,Ireland,"White, Schuster and Kuhn",9.2,TRUE
"Coke - Diet, 355 Ml",household,65.97,900,6/30/2022,Norway,Funk-Shanahan,1.7,FALSE
Pear - Asian,household,7.94,139,4/23/2023,Vietnam,Quigley Group,8.8,FALSE
Passion Fruit,beverage,51.35,237,10/10/2023,China,"Gleason, Crona and Labadie",4.8,FALSE
Beer - Blue,food,59.72,419,9/25/2023,Poland,Moen and Sons,9,TRUE
"Potatoes - Yukon Gold, 80 Ct",beverage,10.32,504,7/8/2022,China,Sanford Inc,7.9,FALSE
Muffin - Bran Ind Wrpd,food,77.35,450,2/15/2023,Colombia,Pacocha Group,3.3,FALSE
"Turkey - Breast, Smoked",household,94.51,93,10/24/2023,France,Romaguera Group,4.6,FALSE
Pastry - Banana Tea Loaf,food,94.73,745,12/12/2023,China,"MacGyver, Feeney and Labadie",2.6,FALSE
Oil - Peanut,beverage,67.05,96,5/27/2022,Czech Republic,Beahan Inc,1,
Puree - Kiwi,food,15.38,128,3/21/2023,Finland,Ratke-Friesen,2.8,TRUE
Coffee - Dark Roast,beverage,2.5,725,10/12/2023,Sierra Leone,Nitzsche-West,4.9,FALSE
Beef Flat Iron Steak,beverage,42.34,219,11/4/2022,Bolivia,Hayes LLC,8.9,
Triple Sec - Mcguinness,food,85.15,64,10/20/2022,Thailand,Torphy Inc,4.6,TRUE
"Pasta - Orzo, Dry",household,31.18,286,10/11/2023,Indonesia,"Skiles, Nicolas and Jones",8.9,FALSE
"Tortillas - Flour, 10",household,43.99,447,12/7/2023,China,Bernhard-Senger,7.5,TRUE
Mortadella,food,39.43,87,12/24/2023,Russia,Jast-Walker,4.4,FALSE
"Turkey - Breast, Double",household,90.26,809,1/8/2023,United States,Ullrich-Pfannerstill,2.7,FALSE
Bread - Ciabatta Buns,household,8.2,957,9/4/2022,Mongolia,Rowe LLC,7.2,FALSE
"Mushroom - Oyster, Fresh",household,60.71,737,2/19/2022,Ukraine,Wunsch Inc,3.9,TRUE
Fib N9 - Prague Powder,beverage,2.3,806,8/24/2022,Thailand,Torphy and Sons,2,FALSE
Wine - Chateau Timberlay,household,78.7,891,8/27/2022,Netherlands,"Wuckert, Ziemann and Robel",5.7,TRUE
Sage Ground Wiberg,household,11.61,50,8/19/2022,Tanzania,Smitham-Kub,9.7,FALSE
Cassis,household,14.2,383,8/2/2022,Nicaragua,Pfeffer-Schumm,6.1,
"Juice - Orange, 341 Ml",food,10.77,248,8/8/2022,Egypt,"Witting, Walsh and Dickinson",4.5,FALSE
"Bread - Multigrain, Loaf",household,71.68,107,12/5/2023,Sweden,Crona-Hayes,5.4,FALSE
Veal - Loin,household,31.45,192,3/30/2023,Afghanistan,Schimmel and Sons,6.7,FALSE
Pastrami,food,41.83,317,1/27/2023,Ukraine,Howe Inc,3.5,TRUE
Lettuce - Lambs Mash,household,71.49,371,8/22/2022,Ecuador,"Morissette, Schoen and Blanda",9.6,TRUE
Ice Cream - Vanilla,food,36.89,923,10/2/2022,El Salvador,Parisian Group,4.2,
Bay Leaf,beverage,54.94,880,11/12/2023,China,"Williamson, Paucek and Lehner",3.6,
Cake - Sheet Strawberry,food,29.12,212,8/12/2022,Ukraine,Lind-Kassulke,7.8,
Eggwhite Frozen,beverage,59.03,525,7/10/2022,Poland,Romaguera-Watsica,8,
Chicken - Whole Roasting,beverage,49.61,643,4/23/2022,Czech Republic,Turner-Luettgen,2.8,
Toamtoes 6x7 Select,food,99.52,994,12/21/2022,Indonesia,Senger-Brown,4,TRUE
Puree - Pear,household,56.27,81,4/4/2023,Bulgaria,Sipes LLC,7.6,FALSE
Tamarind Paste,food,79.53,831,11/24/2023,Botswana,Thompson-Corkery,5,
"Champagne - Brights, Dry",household,81.33,481,12/14/2023,Cameroon,Stokes-Senger,7.2,TRUE
Shrimp - 100 / 200 Cold Water,food,84.04,6,9/2/2022,China,Hilll-Klein,2.6,TRUE
Neckerchief Blck,beverage,18.68,879,7/31/2022,China,Mante Inc,7.7,FALSE
Bonito Flakes - Toku Katsuo,food,26.8,345,1/6/2022,Estonia,Ortiz LLC,4,TRUE
Flour - Rye,food,83.64,459,5/21/2022,Bulgaria,"Reichert, Wehner and Heidenreich",1.3,FALSE
"Peas - Pigeon, Dry",food,3.44,324,8/24/2023,Norway,Schroeder and Sons,7.2,FALSE
Carbonated Water - Orange,beverage,2.63,729,1/22/2023,Russia,Boyle LLC,3,FALSE
Dry Ice,food,84.05,209,6/20/2022,Canada,Stokes LLC,0.3,TRUE
"Beef - Rib Roast, Cap On",food,53.99,318,8/4/2023,China,"Padberg, Waters and Kshlerin",4.6,TRUE
Truffle Cups - Brown,food,64.99,376,3/19/2023,China,"Bahringer, Luettgen and Turcotte",8.8,
"Bread - Pullman, Sliced",food,38.3,491,4/10/2022,Indonesia,"Sporer, Waters and Becker",7.5,TRUE
Beans - Butter Lrg Lima,beverage,52.74,835,10/5/2022,Ireland,Konopelski Group,5.6,
"Chicken - Thigh, Bone In",beverage,35.96,220,6/19/2023,Venezuela,"Nienow, Ward and Nitzsche",9.4,FALSE
Veal - Provimi Inside,food,20.32,411,5/14/2022,Indonesia,"Walter, Bergnaum and Bins",0.3,FALSE
Island Oasis - Mango Daiquiri,household,86.98,837,12/6/2023,Netherlands,Hoppe Inc,7.8,TRUE
Dasheen,beverage,69.72,903,11/14/2023,Portugal,Pacocha LLC,5.9,TRUE
Instant Coffee,food,39.49,691,9/17/2023,Sweden,"Vandervort, Mitchell and Gerhold",7.7,TRUE
Anisette - Mcguiness,household,48.06,940,7/12/2023,Russia,Lockman-Kohler,7,TRUE
"Soup - Knorr, French Onion",beverage,19.11,855,3/12/2022,Nigeria,"McClure, Metz and McDermott",1.1,
Arizona - Plum Green Tea,beverage,18.95,828,9/10/2023,United States,Mueller-Pagac,0.4,FALSE
Pizza Pizza Dough,food,29.83,138,6/10/2023,Greece,Nicolas-Conroy,6.6,TRUE
Wine - Vouvray Cuvee Domaine,beverage,45.98,205,9/21/2023,Poland,White-Hayes,2,
Cheese - Gorgonzola,beverage,40.66,520,12/13/2023,Portugal,Gulgowski-Marquardt,8.2,FALSE
"Juice - Clam, 46 Oz",household,13.45,644,7/10/2023,Brazil,Lakin-McClure,3.5,TRUE
"Pepper - Paprika, Hungarian",household,44.47,719,10/7/2022,France,Spinka-Parker,1.4,FALSE
Scallop - St. Jaques,food,47.05,379,6/20/2022,Russia,Shields Inc,7.1,FALSE
Shark - Loin,food,21.51,683,3/2/2023,China,"Pfannerstill, Watsica and Runolfsson",2.8,
"Rum - Coconut, Malibu",food,94.84,910,8/25/2023,Kazakhstan,Graham Group,8,TRUE
Scrubbie - Scotchbrite Hand Pad,beverage,25.95,420,10/6/2022,Indonesia,"Krajcik, Lueilwitz and Waelchi",8.3,TRUE
Turnip - Wax,food,10.3,143,11/29/2022,Canada,"Rodriguez, Gislason and Muller",2.1,TRUE
Longos - Chicken Cordon Bleu,beverage,37.83,981,8/30/2022,Russia,"Balistreri, Kassulke and Moen",4.4,FALSE
"Cheese - Brie, Triple Creme",food,24.1,570,11/21/2023,Poland,Pfeffer-Kuhlman,9.3,TRUE
Island Oasis - Strawberry,beverage,99.01,421,1/3/2022,China,"Bechtelar, Dach and Carter",0.2,
Orange Roughy 6/8 Oz,food,91.32,132,7/16/2022,Cayman Islands,Schimmel-Ondricka,8.8,
Water - Spring Water 500ml,household,69.3,839,8/2/2023,Philippines,Kuhlman-Reichert,8.4,FALSE
Cake - Lemon Chiffon,food,51.5,349,5/16/2023,Armenia,Hagenes and Sons,4.3,FALSE
Sea Bass - Fillets,food,21.9,899,11/13/2022,Paraguay,Bauch LLC,8.4,TRUE
Whmis - Spray Bottle Trigger,household,10.68,695,5/7/2022,Russia,Kautzer-Hahn,2,
Beans - Soya Bean,food,92.21,98,3/10/2023,China,Mayer LLC,4.3,FALSE
Tomato Paste,food,46.04,901,7/16/2023,Brazil,"Murphy, Monahan and Ritchie",3.8,FALSE
Pimento - Canned,beverage,47.88,629,1/17/2023,China,White-Krajcik,3.4,FALSE
Durian Fruit,household,15.59,1000,11/6/2023,Philippines,Kirlin-Swift,7,
Bread - Raisin,beverage,28.18,99,8/31/2023,Argentina,Schaden-Lowe,4,
Seaweed Green Sheets,household,35.28,777,8/11/2023,France,Dickens-Okuneva,0.8,TRUE
Onions - Red,household,64.68,145,2/16/2022,Philippines,Hirthe Group,9,TRUE
Mustard Prepared,food,90.41,530,5/8/2022,Greece,Fay Inc,8.1,TRUE
"Mushroom - Morels, Dry",beverage,89.44,333,6/3/2023,China,Emmerich Inc,7.1,FALSE
Coffee - Hazelnut Cream,beverage,31.43,48,12/4/2022,Colombia,Labadie Inc,5.3,FALSE
Cocktail Napkin Blue,food,23.09,490,1/20/2022,Indonesia,Muller Group,8.8,TRUE
Veal - Ground,beverage,61.47,244,12/10/2022,Panama,King LLC,3.8,TRUE
"Spoon - Soup, Plastic",household,85.48,64,7/20/2023,China,"Hane, Bailey and Nienow",4.8,TRUE
Oyster - In Shell,household,6.58,65,7/20/2023,Portugal,"Cole, Aufderhar and Davis",9.7,TRUE
Beef - Top Butt Aaa,household,5.1,289,5/31/2023,Argentina,"Bernhard, Cormier and Bradtke",7,FALSE
Sambuca - Ramazzotti,beverage,26.37,544,7/4/2022,Tajikistan,Gottlieb Group,9.4,FALSE
Cheese - Parmigiano Reggiano,beverage,71.38,747,11/11/2023,Peru,"Lesch, Olson and Schroeder",2.3,FALSE
Beer - Blue Light,food,27.25,93,10/1/2022,Slovenia,"Lebsack, Rohan and Sporer",2.4,
Pasta - Agnolotti - Butternut,food,4.16,856,2/22/2022,Sweden,Langworth-Lehner,2.1,TRUE
Black Currants,beverage,49.58,110,2/10/2023,Indonesia,Larson Group,0.3,
Veal - Knuckle,beverage,89.37,874,6/24/2022,China,"Ullrich, Lind and Greenfelder",1.8,
Soup Campbells - Italian Wedding,beverage,45.02,844,7/15/2023,Greece,Oberbrunner and Sons,8.1,
Quiche Assorted,food,16.12,915,2/2/2023,Zimbabwe,Ferry Inc,5.4,
Cream - 18%,food,29.85,158,4/30/2022,Indonesia,Blick-Collins,6,TRUE
Lamb - Sausage Casings,household,86.6,754,9/10/2022,Indonesia,Predovic-Rowe,5.3,TRUE
"Placemat - Scallop, White",beverage,46.04,862,5/31/2023,Venezuela,"Turner, Wilderman and Kling",9.2,TRUE
Cape Capensis - Fillet,household,15.71,66,4/21/2023,El Salvador,"Carter, Bartell and Swaniawski",7.6,FALSE
Sprouts - Baby Pea Tendrils,household,26.45,839,2/3/2023,China,Schaden-Marvin,4,FALSE
Truffle Paste,household,53.97,580,6/18/2022,Colombia,Harris Group,7.4,TRUE
Wine - Domaine Boyar Royal,beverage,63.03,120,9/5/2023,Russia,Smith Group,8.3,TRUE
Kolrabi,household,77.65,637,12/1/2023,Russia,Little Group,5.5,
"Lentils - Red, Dry",food,63.79,854,11/19/2022,China,Turner-Bernier,4.6,TRUE
"Wine - White, Pinot Grigio",beverage,6.94,703,6/29/2022,Sweden,"Predovic, Hermiston and Sanford",3.1,TRUE
"Juice - Apple, 341 Ml",food,19.37,696,12/10/2022,Argentina,"Bergstrom, Greenfelder and Hauck",7.3,TRUE
Pie Filling - Pumpkin,beverage,33.29,980,9/2/2022,Zambia,Ferry Group,8.5,FALSE
Muffin Mix - Corn Harvest,household,66.36,975,11/12/2022,France,Feil-Rutherford,5.6,
Browning Caramel Glace,household,84.9,464,4/2/2022,Philippines,Weimann and Sons,8.8,FALSE
Carbonated Water - Wildberry,food,93.59,660,12/25/2023,China,Windler and Sons,2.3,
Mikes Hard Lemonade,household,52.16,659,11/30/2022,United States,Renner Inc,3.6,TRUE
Beer - Fruli,beverage,78.88,423,2/19/2022,Indonesia,Simonis-Predovic,5.1,FALSE
Chips - Doritos,beverage,88.02,634,11/26/2023,Philippines,Ward Group,1,
Pepper - Jalapeno,beverage,26.52,995,1/6/2022,Palestinian Territory,Altenwerth LLC,9.6,FALSE
Energy Drink Bawls,beverage,16.83,845,5/12/2023,Portugal,"Nicolas, Trantow and Schinner",2.4,TRUE
Pork Casing,household,99.32,509,12/10/2022,Malaysia,Sauer LLC,6.1,FALSE
Wine - Beaujolais Villages,household,59.61,714,7/12/2022,Ecuador,"Schmidt, Grimes and Murray",2,TRUE
Fennel - Seeds,food,9.89,888,9/14/2022,New Caledonia,Rogahn-Thiel,4.7,FALSE
"Trout - Rainbow, Frozen",beverage,48.23,823,8/10/2022,China,Reynolds-Gutkowski,4.4,FALSE
Danishes - Mini Cheese,food,58.12,34,2/17/2022,China,Rosenbaum-Toy,8.9,
"Chocolate - Semi Sweet, Calets",food,32.25,871,1/3/2022,Ukraine,"Padberg, Wolff and King",0.4,FALSE
Shrimp - Black Tiger 8 - 12,household,90.74,276,1/24/2022,Ukraine,"O'Hara, Tremblay and Effertz",9.4,TRUE
"Pork - Bacon, Double Smoked",beverage,31.16,354,11/11/2023,Indonesia,Stiedemann-Roberts,2.6,
Venison - Striploin,food,93.88,700,9/3/2022,France,Will Group,9.7,
"Juice - Clamato, 341 Ml",household,26.31,635,7/24/2022,China,"Bailey, Macejkovic and Brekke",2.5,
Danishes - Mini Raspberry,household,80.65,145,1/2/2023,France,Rolfson Group,7.8,
"Asparagus - White, Canned",household,22.73,798,10/2/2023,Greece,Bayer LLC,1,FALSE
Wine - Zonnebloem Pinotage,household,62.43,650,11/22/2022,Philippines,Bauch LLC,0.1,FALSE
Wine - Merlot Vina Carmen,food,80.46,194,3/13/2022,Czech Republic,Littel LLC,2.7,TRUE
Cheese - Wine,household,45.19,479,4/15/2022,Finland,"Carter, Steuber and Runte",9.8,TRUE
Butter - Salted,household,34.95,260,12/7/2023,Portugal,Zieme-Braun,8,TRUE
Dooleys Toffee,food,37.08,50,1/8/2022,Vietnam,Jerde LLC,6.3,TRUE
Veal - Leg,beverage,54.29,131,7/31/2022,Sweden,Rolfson-Hagenes,1.4,
Beans - Soya Bean,household,14.62,918,10/10/2023,Indonesia,Schmidt-Cassin,8.3,TRUE
Fireball Whisky,food,65.93,449,6/26/2023,Indonesia,Harris and Sons,7.5,FALSE
Tea - Vanilla Chai,beverage,85.41,834,10/13/2023,Bulgaria,Kautzer-Smitham,4.4,FALSE
Wine - Chablis 2003 Champs,food,55.43,903,1/29/2023,Albania,"Bernier, Predovic and Hane",8.8,FALSE
Fennel - Seeds,food,92.2,919,5/11/2022,France,Goodwin-Nitzsche,1.3,TRUE
Lamb - Rack,beverage,13.71,885,5/28/2023,Canada,Mosciski-Hudson,5.1,TRUE
Kiwi Gold Zespri,food,33.05,386,9/20/2023,Greece,Kuhn and Sons,1.6,
Pastrami,household,32.88,886,12/29/2022,Portugal,Mraz-Wisoky,6.7,TRUE
Lettuce - Lambs Mash,household,41.51,556,8/19/2022,Ukraine,Berge and Sons,2.4,FALSE
Wine - Beaujolais Villages,food,87.7,177,5/9/2023,Poland,Morissette Group,7.4,
Tomatoes - Orange,household,48.34,320,5/18/2023,Poland,Stiedemann Inc,0.2,
Corn Syrup,household,63.16,1000,5/27/2022,Indonesia,Towne-Kozey,0.7,FALSE
Foam Espresso Cup Plain White,food,52.98,597,10/31/2023,China,"Roob, Medhurst and Adams",7.7,
The Pop Shoppe - Black Cherry,beverage,16.97,899,2/18/2023,Indonesia,"Hettinger, Marks and Wolff",3.1,
Compound - Strawberry,food,25.83,435,1/17/2023,Poland,Barton-Ritchie,5.2,FALSE
"Iced Tea - Lemon, 340ml",beverage,85.41,986,7/31/2022,Indonesia,Nitzsche Group,8.2,
Lettuce - Lolla Rosa,beverage,83.3,912,4/20/2023,Brazil,Kihn Group,1.9,FALSE
Chips Potato Swt Chilli Sour,beverage,58.26,812,9/18/2023,United States,"Blick, Wintheiser and Zulauf",6.8,TRUE
"Octopus - Baby, Cleaned",beverage,68.28,758,10/18/2022,China,Russel-Schuppe,5.1,TRUE
Sugar - Crumb,food,91.78,903,6/11/2022,China,"Kris, Olson and Aufderhar",9.8,
Jicama,food,31.45,483,11/22/2023,Czech Republic,Macejkovic-White,5.4,FALSE
Lychee,household,71.26,88,5/8/2022,Russia,Kuhn Inc,1.5,TRUE
Bread - English Muffin,household,5.61,883,10/26/2022,Honduras,"Gutmann, Dibbert and Wolf",8.5,FALSE
Vinegar - Raspberry,household,66.95,713,3/20/2022,Malta,Kassulke-Gottlieb,8.2,TRUE
Alize Red Passion,food,22.69,375,2/12/2022,Mexico,Kub Inc,7.1,
Gelatine Leaves - Bulk,household,46.28,736,9/23/2023,Uzbekistan,Lynch-Hintz,1.8,TRUE
Pear - Halves,household,23.24,229,12/1/2022,China,Leannon Inc,4,TRUE
Amaretto,household,47.51,283,3/30/2023,Tanzania,Pagac LLC,6.2,TRUE
"Trout - Hot Smkd, Dbl Fillet",food,99.93,275,9/6/2023,Philippines,Jacobs LLC,1.1,
Beef - Prime Rib Aaa,food,73.75,352,2/23/2023,Canada,Abernathy-Koss,1.8,FALSE
Cheese - Valancey,food,79.35,323,12/18/2022,Indonesia,Zboncak and Sons,6.1,TRUE
Muffin Mix - Corn Harvest,food,1.77,998,10/23/2023,Sweden,Koepp-Dach,6.3,TRUE
Bread - Multigrain Oval,food,30.76,522,7/4/2022,Germany,"Spinka, Jenkins and Medhurst",6.7,FALSE
Pork - Ground,beverage,76.54,974,1/28/2023,Kenya,Blick-Bogisich,4.9,FALSE
Cheese Cloth,household,53.18,501,6/24/2023,Albania,"DuBuque, Greenfelder and Littel",7.3,TRUE
Lime Cordial - Roses,food,93.04,911,1/16/2022,Indonesia,"Quigley, Gleichner and Smitham",4.1,
Worcestershire Sauce,food,46.11,398,6/23/2023,Argentina,Wunsch LLC,8.1,FALSE
"Stock - Beef, Brown",beverage,85.3,386,8/27/2023,Philippines,Feil-Abbott,6.1,
Soup - Cream Of Potato / Leek,household,16.24,113,1/31/2023,United Kingdom,Von and Sons,7.9,FALSE
"Trout - Hot Smkd, Dbl Fillet",beverage,44.34,78,6/30/2022,Philippines,Heller-Schiller,6.9,FALSE
Bowl 12 Oz - Showcase 92012,beverage,18.43,568,9/14/2023,France,Roob Group,9.8,FALSE
Kale - Red,household,80.46,401,5/7/2022,Poland,Spinka-Padberg,6.2,FALSE
Brandy Apricot,food,1,71,12/4/2023,Indonesia,Moore-Hodkiewicz,7.7,
Melon - Watermelon Yellow,beverage,54.08,887,6/22/2022,Indonesia,Hodkiewicz-Steuber,6.3,TRUE
Lamb Leg - Bone - In Nz,beverage,76.29,491,1/15/2022,Indonesia,Smith-Leffler,6.6,FALSE
"Lemonade - Mandarin, 591 Ml",beverage,2.64,219,8/1/2022,Philippines,Heathcote-West,7.1,
Dried Figs,household,48.37,712,5/31/2023,China,"Hegmann, Satterfield and Kunze",0.8,FALSE
Wine - Sauvignon Blanc,food,8.47,148,9/5/2023,Indonesia,"Balistreri, Swift and Grady",9.8,
Pork - Hock And Feet Attached,household,66.63,979,7/18/2022,Japan,Mueller LLC,6.6,
Mustard - Seed,food,51.09,192,10/19/2022,Afghanistan,Hoppe Inc,0.5,TRUE
Bagel - Plain,beverage,52.68,239,3/17/2022,Russia,Barton Inc,6.7,FALSE
Ginger - Crystalized,beverage,30,365,5/11/2023,Argentina,Sipes LLC,6.3,FALSE
Eggwhite Frozen,food,99.56,318,6/30/2022,Philippines,"Prosacco, Beier and Pfeffer",4.6,FALSE
"Beans - Kidney, Canned",household,25.61,396,5/6/2023,China,Marquardt Inc,2.2,
Coffee Guatemala Dark,food,13.31,51,1/4/2023,Mexico,Johnston Group,6.2,TRUE
Bread Bowl Plain,household,70.87,537,5/17/2022,Nigeria,"Koepp, Emmerich and Bartoletti",3.9,TRUE
Cookies - Assorted,household,67.1,516,1/25/2022,Thailand,"Goyette, Franecki and Bahringer",1.4,
Garlic - Peeled,household,16.52,467,1/15/2023,Russia,Weber and Sons,7.1,FALSE
"Lamb - Whole, Frozen",food,19.46,747,2/2/2022,Russia,Emmerich Inc,5.7,FALSE
Energy Drink - Redbull 355ml,household,50.19,302,1/3/2023,Brazil,"Pacocha, Okuneva and Jacobson",1.1,
Longos - Greek Salad,beverage,88.67,394,10/24/2023,Belarus,Hartmann-Corwin,4.4,FALSE
Mackerel Whole Fresh,food,45.06,154,12/12/2022,Ukraine,Koss-Trantow,4.5,FALSE
Chervil - Fresh,food,10.44,3,12/17/2023,China,"Wisozk, Olson and Runolfsson",9.6,FALSE
Brandy - Bar,beverage,98.53,12,5/29/2022,Argentina,"Bailey, Bogan and Rath",3.6,TRUE
"Beef - Outside, Round",household,7.45,790,12/25/2022,Japan,Schiller-Keebler,3.5,FALSE
Milk - Homo,household,1.1,1000,10/30/2022,China,"Corkery, Brown and Price",3.9,
Pepper - Green,food,63.36,934,9/3/2022,Brazil,Parisian-Mills,9.8,
Wine - Muscadet Sur Lie,beverage,20.01,678,1/6/2023,Indonesia,Price Group,4.6,TRUE
Appetizer - Mushroom Tart,beverage,34.39,760,10/14/2023,Philippines,Ferry Inc,7.2,
Milk - 1%,household,98.64,275,7/8/2023,China,Zieme-Weimann,5.7,
Cake - Mini Cheesecake,food,88.7,280,8/18/2022,Indonesia,"Spinka, Romaguera and Durgan",1.6,FALSE
Dried Cranberries,food,61.19,302,2/13/2022,Armenia,"Bashirian, Oberbrunner and Daugherty",2.7,FALSE
"Sauce - Bernaise, Mix",food,48.99,607,7/10/2022,Russia,"Lind, Schaefer and Ullrich",6.6,FALSE
Poppy Seed,beverage,27.47,587,11/26/2023,Canada,Nikolaus Inc,3.8,
Bar - Sweet And Salty Chocolate,household,40.74,880,1/22/2023,China,Huels-Leannon,4.9,TRUE
Beef Dry Aged Tenderloin Aaa,household,44.42,905,7/10/2023,Cameroon,Daniel Inc,7.4,
Salt - Sea,household,88.67,785,2/21/2022,China,"Bechtelar, Walsh and Mann",5.6,FALSE
Carrots - Jumbo,food,68.9,351,10/15/2023,Slovenia,"Cassin, Mueller and Botsford",5.7,
Glass - Juice Clear 5oz 55005,beverage,25.53,917,11/27/2022,China,Nienow LLC,7.3,TRUE
Lettuce - Green Leaf,beverage,64.83,622,7/28/2022,Russia,Kutch-Ryan,9.6,TRUE
"Lemonade - Kiwi, 591 Ml",household,6.37,995,7/16/2023,China,Witting-Schaden,9.3,FALSE
Versatainer Nc - 8288,household,89.89,172,1/22/2022,Kyrgyzstan,"Muller, Gulgowski and Parker",8.1,TRUE
Milk Powder,beverage,35.69,208,12/6/2022,Poland,Dare-Ritchie,8.1,TRUE
Quinoa,household,28.89,405,11/29/2022,Myanmar,"Ryan, Buckridge and Jones",2.7,FALSE
Cookies Almond Hazelnut,household,28.6,855,12/1/2022,Philippines,Sauer-Beer,2,FALSE
Ice Cream - Life Savers,food,94.2,123,10/18/2022,Croatia,Schuppe-Kassulke,2,
Sambuca - Ramazzotti,food,32.68,727,2/18/2022,Ireland,Wiegand-Brown,2.3,TRUE
Salt - Sea,food,32.97,132,6/28/2022,Indonesia,Baumbach Inc,7.8,FALSE
Mahi Mahi,food,76.62,823,1/10/2022,Philippines,Schinner Inc,0.8,FALSE
Spice - Peppercorn Melange,household,3.56,674,4/18/2022,Norway,Wisoky-Johnson,6.2,FALSE
"Pasta - Linguini, Dry",beverage,26.28,424,5/23/2023,Poland,Sauer-Boyer,4.9,
Dried Cranberries,food,9.94,71,3/28/2022,Canada,Reichert Group,9.3,FALSE
Temperature Recording Station,household,35.68,837,4/7/2023,Indonesia,"Koelpin, Bergstrom and Halvorson",2.2,
"Veal - Leg, Provimi - 50 Lb Max",beverage,50.32,716,5/7/2023,Mongolia,Price-Price,3.9,
Soup - Campbells Beef Stew,household,87.54,343,6/18/2023,Poland,"Krajcik, Rowe and Simonis",4.2,TRUE
Venison - Denver Leg Boneless,food,60.98,536,6/23/2023,France,Cronin-Carroll,1.1,TRUE
Sea Bass - Fillets,food,16.58,990,4/27/2023,Colombia,"Goldner, O'Connell and Murazik",9.9,TRUE
Pickle - Dill,food,47.7,356,3/29/2023,Peru,Robel-Hilll,9.1,
Wine - Champagne Brut Veuve,beverage,9.77,434,10/24/2022,Indonesia,Mann Group,9.3,
Flour - Fast / Rapid,household,78.2,902,5/12/2023,China,"Jacobson, Rau and Ankunding",6.3,TRUE
"Napkin - Cocktail,beige 2 - Ply",food,93.93,208,10/4/2023,Tunisia,Gleichner-Upton,5.1,FALSE
Vaccum Bag 10x13,food,30,936,10/22/2022,Mexico,Robel-Ankunding,8.5,TRUE
Muskox - French Rack,household,97.9,921,1/12/2022,Norway,Johns-Feest,0.1,TRUE
"Beef - Cooked, Corned",beverage,20.77,375,7/6/2023,Lithuania,West and Sons,3.4,FALSE
Pork Ham Prager,household,80.29,477,10/30/2022,United States,Labadie Inc,6.4,FALSE
Dawn Professionl Pot And Pan,food,67.79,36,1/1/2023,Portugal,Will and Sons,9.9,FALSE
Cheese - Montery Jack,household,85.94,625,6/26/2023,Mexico,Terry LLC,7.6,TRUE
Almonds Ground Blanched,household,31.77,262,4/22/2023,China,"Heathcote, Feest and Runte",1.8,FALSE
Lettuce - Boston Bib,food,4.51,17,1/8/2023,Brazil,"Stiedemann, Ernser and Senger",8.5,FALSE
"Wine - Red, Cabernet Sauvignon",beverage,71.64,222,10/1/2023,Pakistan,Trantow and Sons,5,TRUE
Mushroom - White Button,food,54.21,877,6/7/2022,China,"Witting, Blick and Hills",1.7,TRUE
Beer - Pilsner Urquell,household,20.18,198,9/9/2023,Honduras,"Bradtke, Deckow and Beatty",7.9,
Lamb Shoulder Boneless Nz,food,60.51,537,11/3/2022,Thailand,Beatty-Morar,3.7,FALSE
Beef - Montreal Smoked Brisket,household,4.3,871,7/18/2023,China,Satterfield and Sons,9.6,TRUE
"Soup - Campbells, Classic Chix",food,66.39,559,4/4/2022,Brazil,Jacobs Group,1,
Wine - Dubouef Macon - Villages,household,67.05,733,6/7/2023,Japan,Walker-Bednar,8.2,TRUE
Rosemary - Fresh,food,82.02,696,9/6/2022,China,Zboncak-Zieme,3.4,
Potatoes - Parissienne,beverage,71.2,884,11/15/2022,Tunisia,"Hudson, Fahey and Mann",8.9,FALSE
Tomato - Peeled Italian Canned,beverage,63.63,223,10/10/2023,Czech Republic,Quigley Group,5.3,
Pork - Belly Fresh,beverage,46.68,33,12/23/2022,Japan,"Zieme, McGlynn and Denesik",6.9,
"Veal - Inside Round / Top, Lean",food,7.82,831,10/7/2023,Indonesia,"Reichert, Conroy and Stehr",5,FALSE
Bread - Granary Small Pull,household,35.06,560,8/31/2023,China,Terry Group,6.8,
Mustard - Dijon,beverage,3.6,884,7/10/2023,Indonesia,Stiedemann-West,4.5,TRUE
Scallops - Live In Shell,food,90.11,993,4/28/2023,Russia,"Gerlach, Wilderman and Kohler",8.3,FALSE
Fennel,household,56.92,4,4/30/2022,Costa Rica,"Pollich, Ruecker and Muller",7.9,FALSE
Buttons,food,7.02,837,8/19/2023,Ukraine,Reichel LLC,4.5,
Yukon Jack,food,23.07,424,5/6/2022,China,Beer Inc,5.1,
Flour - Strong Pizza,food,79.95,115,3/27/2023,Brazil,"Herman, Schmeler and Senger",7.6,TRUE
V8 - Tropical Blend,household,76.88,516,2/8/2022,United States,Okuneva-Bayer,0.4,FALSE
Snails - Large Canned,food,36.3,453,7/23/2022,Russia,Lemke-McLaughlin,5.2,
Table Cloth 54x54 White,beverage,18.23,808,4/4/2023,Malaysia,Schaden Inc,3.8,TRUE
Vinegar - Sherry,food,4.43,915,9/29/2023,Indonesia,Schroeder-Mitchell,3.6,FALSE
"Beans - Navy, Dry",beverage,7.89,378,12/13/2023,Kenya,Hilpert LLC,3.7,TRUE
"Doilies - 8, Paper",beverage,19.35,625,8/3/2023,China,"Walter, Bednar and Trantow",2.5,FALSE
Coffee Cup 8oz 5338cd,household,27.85,416,5/2/2022,Indonesia,Little-Jones,5.6,FALSE
Pastry - Butterscotch Baked,beverage,33.43,602,1/23/2023,Russia,Wiegand Inc,1.4,TRUE
Juice - Lagoon Mango,food,97.81,561,2/3/2023,Croatia,"Zemlak, Ritchie and Weissnat",2,TRUE
Chicken - Whole,food,66.12,82,10/26/2022,Belarus,Kessler-Abbott,7.2,FALSE
"Rum - White, Gg White",household,63.38,113,9/14/2023,China,Braun-Nienow,3.5,TRUE
Potato - Sweet,beverage,48.21,569,7/23/2023,Japan,Schuppe Group,3.9,TRUE
Rice - Sushi,household,10.37,547,7/14/2023,Russia,"Adams, O'Hara and Mante",1,FALSE
Bread Fig And Almond,household,8.21,396,5/2/2022,Czech Republic,Skiles-McGlynn,3.6,
Vinegar - Red Wine,beverage,96.42,709,5/12/2023,Russia,Collier LLC,4.3,TRUE
"Pasta - Penne Primavera, Single",beverage,37.27,912,8/13/2023,Bolivia,Mosciski and Sons,8.9,FALSE
Broom Handle,food,11.18,363,1/18/2022,China,Mayert and Sons,9.4,
Nantucket Orange Juice,food,85.46,664,12/19/2023,Brazil,Durgan-Skiles,7.1,TRUE
Wasabi Paste,beverage,68.44,816,12/26/2023,China,Swift-D'Amore,2.3,FALSE
"Flour - Corn, Fine",food,32.71,608,7/10/2022,Afghanistan,Howe-Ullrich,8.9,FALSE
Bananas,food,100,198,7/16/2023,Czech Republic,Will LLC,0.5,TRUE
Cakes Assorted,household,98.11,440,9/26/2022,Philippines,Roob and Sons,8.5,FALSE
Icecream - Dibs,food,13.28,565,5/16/2022,Greece,Schimmel LLC,2.6,FALSE
Huck Towels White,beverage,24.34,748,9/13/2023,United States,"Runte, Wilderman and Rutherford",2.4,
Spice - Onion Powder Granulated,beverage,92.01,46,10/27/2022,China,"Koelpin, O'Connell and Schulist",5.2,FALSE
Bread - Raisin,beverage,51.29,17,11/14/2023,China,Rempel Group,8.9,
Chicken - Ground,food,87.87,503,7/18/2023,China,Wilderman LLC,5.9,TRUE
Cheese - Parmigiano Reggiano,household,6.94,654,9/30/2023,El Salvador,Stokes-O'Conner,7.7,
Banana,household,60.78,174,11/15/2023,Sweden,Muller LLC,4.2,FALSE
Lettuce - Green Leaf,food,12.33,301,12/7/2022,Russia,Cassin-Metz,9.3,TRUE
"Pork - Butt, Boneless",household,14.34,185,6/24/2023,Chad,Gorczany-Waters,5,FALSE
"Soup - French Onion, Dry",beverage,6.21,103,8/28/2023,Indonesia,Schamberger and Sons,9.4,FALSE
Goat - Leg,household,54.92,586,4/7/2022,United States,"Bogisich, Mayert and Littel",8.2,FALSE
Cheese - Cottage Cheese,beverage,98.24,925,9/12/2023,Czech Republic,Deckow-Funk,1.9,FALSE
Chips Potato Swt Chilli Sour,food,91.97,39,3/3/2023,Germany,Doyle LLC,3.2,TRUE
"Pasta - Rotini, Colour, Dry",beverage,89.38,283,9/11/2022,Mali,"Crist, King and Gleichner",9.2,
Wine - Jaboulet Cotes Du Rhone,household,45.23,809,6/1/2023,Czech Republic,Brekke-Kshlerin,6.6,
Ice Cream Bar - Rolo Cone,household,58.28,605,11/11/2022,Colombia,Legros LLC,0.3,
Pastry - Cherry Danish - Mini,food,18.1,689,9/7/2022,Japan,Kovacek Inc,9.9,
Cloves - Ground,food,29.85,639,11/26/2022,China,"Wintheiser, Gerlach and Kilback",9.7,FALSE
"Soup - Canadian Pea, Dry Mix",household,65.07,532,1/29/2023,France,Renner-Weissnat,4.2,
"Coke - Classic, 355 Ml",household,47.4,7,11/27/2023,Peru,Veum Group,8,
